product,indexer,ratingName,riskScore,minTax,quantityAvailable,puMinValue,bank,maturity_date
LCA,Pré-fixado,AAA,6.0,12.75,25550,999.8815418,BANCO DLL,2027-04-01
LCA,Pré-fixado,AAA,11.0,12.5,9963,972.8236473,BANCO DLL,2028-05-01
LCA,Pré-fixado,AAA,6.0,12.5,9902,982.8649289,BANCO DLL,2027-04-01
LCA,Pré-fixado,brAAA,12.0,11.5,987250,100.2873703,BANCO BV,2029-03-01
CDB,Pós-fixado,,9.0,111.0,1218,1000.0,AFINZ,2027-05-01
CDB,Pós-fixado,,9.0,108.0,960,1000.0,AFINZ,2026-05-01
CDB,Pós-fixado,brAAA,1.0,100.0,392542,1000.0,BANCO XP,2027-05-01
CDB,Pós-fixado,brAAA,1.0,100.0,9099,1000.0,BANCO VOLKSWAGEN,2026-05-01
CDB,Pós-fixado,brAAA,1.0,98.5,9960,1000.0,BANCO VOLKSWAGEN,2027-05-01
LCD,Pós-fixado,brAAA,6.0,93.0,4775,10388.99503,,2030-03-01
LCD,Pós-fixado,brAAA,6.0,93.0,3542,10388.99503,,2030-03-01
LCA,Pós-fixado,AAA,5.0,93.0,19651,1000.0,BANCO COOPERATIVO SICOOB,2029-04-01
LCD,Pós-fixado,brAAA,5.0,92.0,33150,10333.61163,,2029-03-01
LCI,Pós-fixado,brAAA,2.0,91.0,143122,1000.0,BANCO XP,2026-05-01
LCA,Pós-fixado,AAA,3.0,91.0,19973,1000.0,BANCO COOPERATIVO SICOOB,2028-04-01
LCA,Pós-fixado,AAA,2.0,90.0,19970,1000.0,BANCO COOPERATIVO SICOOB,2027-04-01
LCA,Pós-fixado,AAA,2.0,89.0,19975,1000.0,BANCO COOPERATIVO SICOOB,2026-04-01
CDB,Pré-fixado,A-,25.0,19.0,3,863.4966181,MASTER,2031-05-01
CDB,Pré-fixado,A-,11.0,19.0,5,1408.435802,BANCO MASTER,2027-06-01
CDB,Pré-fixado,A-,30.0,19.0,19,920.4029341,BANCO MASTER,2032-12-01
CDB,Pré-fixado,A-,11.0,19.0,10,1318.302174,BANCO MASTER,2027-08-01
CDB,Pré-fixado,A-,23.0,19.0,5,906.9403578,BANCO MASTER DE INVESTIME,2030-12-01
CDB,Pré-fixado,A-,12.0,19.0,19,1285.143305,BANCO MASTER,2027-12-01
CDB,Pré-fixado,A-,28.0,19.0,446,827.9828372,BANCO MASTER,2032-05-01
CDB,Pré-fixado,A-,25.0,19.0,63,813.0920259,MASTER,2031-06-01
CDB,Pré-fixado,A-,14.0,19.0,3,1082.674223,BANCO MASTER,2028-06-01
CDB,Pré-fixado,A-,19.0,19.0,2,902.8570406,BANCO MASTER DE INVESTIME,2029-11-01
CDB,Pré-fixado,A-,28.0,19.0,1,845.4515902,BANCO MASTER,2032-07-01
CDB,Pré-fixado,A-,23.0,19.0,26,870.3331303,MASTER,2031-03-01
CDB,Pré-fixado,A-,19.0,19.0,4,984.6634982,BANCO MASTER DE INVESTIME,2029-12-01
CDB,Pré-fixado,A-,14.0,19.0,9,1270.5302,BANCO MASTER,2028-09-01
CDB,Pré-fixado,A-,28.0,19.0,13,827.1709139,BANCO MASTER,2032-07-01
CDB,Pré-fixado,A-,23.0,19.0,3,980.7784992,BANCO MASTER DE INVESTIME,2031-01-01
CDB,Pré-fixado,A-,21.0,19.0,25,885.0246243,BANCO MASTER DE INVESTIME,2030-09-01
CDB,Pré-fixado,A-,25.0,19.0,93,851.1552779,MASTER,2031-05-01
CDB,Pré-fixado,A-,17.0,19.0,3,1006.979618,BANCO MASTER,2029-08-01
CDB,Pré-fixado,A-,17.0,19.0,2,1070.173318,BANCO MASTER,2029-05-01
CDB,Pré-fixado,A-,25.0,19.0,11,830.4229163,MASTER,2031-06-01
CDB,Pré-fixado,A-,16.0,19.0,10,1179.884609,BANCO MASTER,2029-04-01
CDB,Pré-fixado,A-,9.0,19.0,1,1399.914062,BANCO MASTER,2027-03-01
CDB,Pré-fixado,A-,19.0,19.0,1,899.5862638,BANCO MASTER DE INVESTIME,2029-11-01
CDB,Pré-fixado,A-,16.0,19.0,12,1249.625641,BANCO MASTER,2029-02-01
CDB,Pré-fixado,A-,14.0,19.0,108,1.39890019,BANCO MASTER,2028-07-01
CDB,Pré-fixado,A-,9.0,19.0,7,1377.820194,BANCO MASTER,2027-03-01
CDB,Pré-fixado,A-,16.0,19.0,2,1237.709788,BANCO MASTER,2029-02-01
CDB,Pré-fixado,A-,14.0,19.0,1,939.8148897,BANCO MASTER DE INVESTIME,2028-09-01
CDB,Pré-fixado,A-,25.0,19.0,4,804.5506984,BANCO MASTER,2031-08-01
CDB,Pré-fixado,A-,26.0,19.0,1,791.0593263,BANCO MASTER,2032-03-01
CDB,Pré-fixado,,12.0,19.0,8,967.4876678,VOITER (MASTER),2027-11-01
CDB,Pré-fixado,A-,19.0,19.0,3,992.7218914,BANCO MASTER DE INVESTIME,2029-12-01
CDB,Pré-fixado,A-,16.0,19.0,1,1238.430494,BANCO MASTER,2029-02-01
CDB,Pré-fixado,A-,23.0,19.0,11,856.8614099,MASTER,2030-11-01
CDB,Pré-fixado,A-,17.0,19.0,1,923.4348211,BANCO MASTER DE INVESTIME,2029-07-01
CDB,Pré-fixado,A-,17.0,19.0,3,1004.345031,BANCO MASTER,2029-09-01
CDB,Pré-fixado,A-,17.0,19.0,8,1069.399987,BANCO MASTER,2029-05-01
CDB,Pré-fixado,A-,26.0,19.0,2,792.5721932,BANCO MASTER,2032-02-01
CDB,Pré-fixado,A-,9.0,19.0,3,1597.898261,BANCO MASTER,2027-03-01
CDB,Pré-fixado,A-,16.0,19.0,1,964.8006099,BANCO MASTER DE INVESTIME,2029-03-01
CDB,Pré-fixado,A-,11.0,19.0,1,1307.476398,BANCO MASTER,2027-09-01
CDB,Pré-fixado,A-,14.0,19.0,1052,1.41214504,BANCO MASTER,2028-06-01
CDB,Pré-fixado,A-,14.0,19.0,2,966.3064068,BANCO MASTER DE INVESTIME,2028-09-01
CDB,Pré-fixado,A-,16.0,19.0,1,1204.527165,BANCO MASTER,2029-03-01
CDB,Pré-fixado,A-,16.0,19.0,2,1043.045824,BANCO MASTER DE INVESTIME,2028-11-01
CDB,Pré-fixado,A-,11.0,19.0,10,1382.578317,BANCO MASTER,2027-07-01
CDB,Pré-fixado,A-,25.0,19.0,1,828.7736764,MASTER,2031-06-01
CDB,Pré-fixado,A-,25.0,19.0,20,804.2924127,MASTER,2031-07-01
CDB,Pré-fixado,A-,25.0,19.0,53,819.8843935,MASTER,2031-06-01
CDB,Pré-fixado,A-,11.0,19.0,2,1394.021625,BANCO MASTER,2027-06-01
CDB,Pré-fixado,,12.0,19.0,1,985.2750268,VOITER (MASTER),2027-10-01
CDB,Pré-fixado,A-,16.0,19.0,8,981.3015168,BANCO MASTER DE INVESTIME,2029-01-01
CDB,Pré-fixado,A-,16.0,19.0,5,1184.112372,BANCO MASTER,2029-04-01
CDB,Pré-fixado,A-,19.0,19.0,2,939.895418,BANCO MASTER DE INVESTIME,2030-02-01
CDB,Pré-fixado,A-,14.0,19.0,150,1138.603004,BANCO MASTER,2028-05-01
CDB,Pré-fixado,A-,11.0,19.0,1,1374.970328,BANCO MASTER,2027-08-01
CDB,Pré-fixado,A-,30.0,19.0,3,923.3339121,BANCO MASTER,2032-12-01
CDB,Pré-fixado,A-,16.0,19.0,1,966.8384359,BANCO MASTER DE INVESTIME,2029-03-01
CDB,Pré-fixado,A-,19.0,19.0,2,907.047779,BANCO MASTER DE INVESTIME,2029-11-01
CDB,Pré-fixado,A-,16.0,19.0,1,989.3880906,BANCO MASTER DE INVESTIME,2028-12-01
CDB,Pré-fixado,,11.0,19.0,5,964.3800982,WILL FINANCEIRA (MASTER),2027-03-01
CDB,Pré-fixado,A-,25.0,19.0,1,800.9526935,MASTER,2031-07-01
CDB,Pré-fixado,A-,26.0,19.0,6,824.0755789,BANCO MASTER,2032-04-01
CDB,Pré-fixado,A-,14.0,19.0,2,995.9123433,BANCO MASTER DE INVESTIME,2028-07-01
CDB,Pré-fixado,A-,17.0,19.0,14,987.6735782,BANCO MASTER,2029-08-01
CDB,Pré-fixado,A-,28.0,19.0,34,855.6505868,BANCO MASTER,2032-07-01
CDB,Pré-fixado,A-,14.0,19.0,3,935.8422336,BANCO MASTER DE INVESTIME,2028-09-01
CDB,Pré-fixado,A-,14.0,19.0,1,945.7350085,BANCO MASTER DE INVESTIME,2028-10-01
CDB,Pré-fixado,A-,25.0,19.0,1,816.428526,MASTER,2031-06-01
CDB,Pré-fixado,A-,14.0,19.0,10,1068.772724,BANCO MASTER,2028-10-01
CDB,Pré-fixado,A-,14.0,19.0,31,1043.863065,BANCO MASTER,2028-08-01
CDB,Pré-fixado,A-,14.0,19.0,20,1068.92045,BANCO MASTER DE INVESTIME,2028-10-01
CDB,Pré-fixado,A-,16.0,19.0,5,1182.330532,BANCO MASTER,2029-04-01
CDB,Pré-fixado,A-,30.0,19.0,1,862.6117511,BANCO MASTER,2032-11-01
CDB,Pré-fixado,A-,25.0,19.0,35,825.7463298,BANCO MASTER,2031-09-01
CDB,Pré-fixado,A-,14.0,19.0,29,972.7419145,BANCO MASTER DE INVESTIME,2028-06-01
CDB,Pré-fixado,A-,23.0,19.0,1,915.0480355,BANCO MASTER DE INVESTIME,2030-12-01
CDB,Pré-fixado,A-,14.0,19.0,63,1255.912996,BANCO MASTER,2028-10-01
CDB,Pré-fixado,A-,9.0,19.0,1,1349.243139,BANCO MASTER,2027-02-01
CDB,Pré-fixado,A-,14.0,19.0,22,965.2711484,BANCO MASTER DE INVESTIME,2028-07-01
CDB,Pré-fixado,A-,28.0,19.0,2,847.3238857,BANCO MASTER,2032-10-01
CDB,Pré-fixado,A-,21.0,19.0,1,818.3752239,MASTER,2030-09-01
CDB,Pré-fixado,A-,9.0,19.0,16,1416.280478,BANCO MASTER,2027-03-01
CDB,Pré-fixado,A-,23.0,19.0,29,879.4891952,BANCO MASTER DE INVESTIME,2030-11-01
CDB,Pré-fixado,A-,21.0,19.0,7,864.3737996,BANCO MASTER DE INVESTIME,2030-09-01
CDB,Pré-fixado,A-,30.0,19.0,8,922.9271456,BANCO MASTER,2032-12-01
CDB,Pré-fixado,A-,28.0,19.0,30,851.7627765,BANCO MASTER,2032-06-01
CDB,Pré-fixado,A-,9.0,19.0,2,1440.421916,BANCO MASTER,2027-01-01
CDB,Pré-fixado,A-,17.0,19.0,4,1098.226775,BANCO MASTER,2029-05-01
CDB,Pré-fixado,A-,14.0,19.0,26,1283.786441,BANCO MASTER,2028-09-01
CDB,Pré-fixado,A-,25.0,19.0,1,831.7545713,MASTER,2031-05-01
CDB,Pré-fixado,A-,28.0,19.0,6,840.0052837,BANCO MASTER,2032-07-01
CDB,Pré-fixado,A-,14.0,19.0,112,1261.544522,BANCO MASTER,2028-10-01
CDB,Pré-fixado,A-,16.0,19.0,1,952.7909924,BANCO MASTER DE INVESTIME,2029-02-01
CDB,Pré-fixado,A-,19.0,19.0,1,938.8746842,BANCO MASTER DE INVESTIME,2029-12-01
CDB,Pré-fixado,A-,17.0,19.0,13,1039.326875,BANCO MASTER,2029-06-01
CDB,Pré-fixado,A-,17.0,19.0,5,911.6473488,BANCO MASTER DE INVESTIME,2029-10-01
CDB,Pré-fixado,A-,17.0,19.0,12,939.3856179,BANCO MASTER DE INVESTIME,2029-05-01
CDB,Pré-fixado,A-,17.0,19.0,19,1068.113977,BANCO MASTER,2029-05-01
CDB,Pré-fixado,A-,12.0,19.0,7,1242.180272,BANCO MASTER,2028-02-01
CDB,Pré-fixado,A-,9.0,19.0,15,1402.735967,BANCO MASTER,2027-03-01
CDB,Pré-fixado,A-,14.0,19.0,1,1164.248884,BANCO MASTER,2028-10-01
CDB,Pré-fixado,A-,16.0,19.0,2,1128.863538,BANCO MASTER,2029-04-01
CDB,Pré-fixado,A-,23.0,19.0,11,843.9960268,MASTER,2031-04-01
CDB,Pré-fixado,A-,30.0,19.0,13,864.4653111,BANCO MASTER,2032-11-01
CDB,Pré-fixado,A-,14.0,19.0,2,1308.58106,BANCO MASTER,2028-10-01
CDB,Pré-fixado,A-,23.0,19.0,37,906.059194,BANCO MASTER DE INVESTIME,2031-02-01
CDB,Pré-fixado,,12.0,19.0,1,967.3238241,VOITER (MASTER),2027-11-01
CDB,Pré-fixado,A-,17.0,19.0,1,951.7115891,BANCO MASTER DE INVESTIME,2029-05-01
CDB,Pré-fixado,A-,16.0,19.0,13,992.2463115,BANCO MASTER DE INVESTIME,2028-12-01
CDB,Pré-fixado,,15.0,19.0,41,925.8244477,VOITER (MASTER),2029-05-01
CDB,Pré-fixado,A-,14.0,19.0,2,1063.630139,BANCO MASTER,2028-10-01
CDB,Pré-fixado,A-,17.0,19.0,2,937.0484247,BANCO MASTER DE INVESTIME,2029-06-01
CDB,Pré-fixado,A-,11.0,19.0,2,1388.66035,BANCO MASTER,2027-06-01
CDB,Pré-fixado,A-,17.0,19.0,3,943.0486926,BANCO MASTER DE INVESTIME,2029-06-01
CDB,Pré-fixado,A-,14.0,19.0,20,1545.983558,BANCO MASTER,2028-05-01
CDB,Pré-fixado,A-,26.0,19.0,149,841.7287806,BANCO MASTER,2032-04-01
CDB,Pré-fixado,A-,17.0,19.0,25,945.3640673,BANCO MASTER DE INVESTIME,2029-06-01
CDB,Pré-fixado,A-,16.0,19.0,2,1185.748265,BANCO MASTER,2029-04-01
CDB,Pré-fixado,A-,14.0,19.0,3,972.5576744,BANCO MASTER DE INVESTIME,2028-06-01
CDB,Pré-fixado,A-,14.0,19.0,1,976.7087211,BANCO MASTER DE INVESTIME,2028-06-01
CDB,Pré-fixado,A-,21.0,19.0,1,882.0130266,BANCO MASTER DE INVESTIME,2030-10-01
CDB,Pré-fixado,A-,26.0,19.0,2,816.8054047,BANCO MASTER,2031-11-01
CDB,Pré-fixado,A-,30.0,19.0,18,897.7006499,BANCO MASTER,2032-12-01
CDB,Pré-fixado,A-,26.0,19.0,4,805.3084869,BANCO MASTER,2031-11-01
CDB,Pré-fixado,A-,11.0,19.0,10,1371.233258,BANCO MASTER,2027-08-01
CDB,Pré-fixado,A-,12.0,19.0,1,1220.380736,BANCO MASTER,2028-03-01
CDB,Pré-fixado,A-,14.0,19.0,10,1274.220462,BANCO MASTER,2028-09-01
CDB,Pré-fixado,A-,16.0,19.0,2,973.6400103,BANCO MASTER DE INVESTIME,2029-04-01
CDB,Pré-fixado,A-,16.0,19.0,35,1372.748208,BANCO MASTER,2028-11-01
CDB,Pré-fixado,A-,9.0,19.0,3,1606.599622,BANCO MASTER,2027-01-01
CDB,Pré-fixado,A-,9.0,19.0,3,1426.020405,BANCO MASTER,2027-03-01
CDB,Pré-fixado,A-,16.0,19.0,1,972.3300353,BANCO MASTER DE INVESTIME,2029-02-01
CDB,Pré-fixado,A-,14.0,19.0,9,1263.28739,BANCO MASTER,2028-10-01
CDB,Pré-fixado,A-,14.0,19.0,131,1225.58706,BANCO MASTER,2028-10-01
CDB,Pré-fixado,A-,19.0,19.0,3,955.4325737,BANCO MASTER DE INVESTIME,2029-12-01
CDB,Pré-fixado,A-,16.0,19.0,12,1264.272312,BANCO MASTER,2028-12-01
CDB,Pré-fixado,A-,16.0,19.0,1,974.1593401,BANCO MASTER DE INVESTIME,2029-02-01
CDB,Pré-fixado,A-,25.0,19.0,35,798.1189176,MASTER,2031-07-01
CDB,Pré-fixado,A-,16.0,19.0,2,981.3572215,BANCO MASTER DE INVESTIME,2029-04-01
CDB,Pré-fixado,A-,16.0,19.0,2,968.6297166,BANCO MASTER DE INVESTIME,2029-03-01
CDB,Pré-fixado,A-,16.0,19.0,10,1035.332103,BANCO MASTER DE INVESTIME,2028-11-01
CDB,Pré-fixado,A-,12.0,19.0,6,1009.569313,BANCO MASTER DE INVESTIME,2028-02-01
CDB,Pré-fixado,A-,19.0,19.0,1,945.3015265,BANCO MASTER DE INVESTIME,2029-11-01
CDB,Pré-fixado,A-,28.0,19.0,4,832.779538,BANCO MASTER,2032-08-01
CDB,Pré-fixado,,12.0,19.0,2,978.0855684,VOITER (MASTER),2027-08-01
CDB,Pré-fixado,,12.0,19.0,1,982.5083397,VOITER (MASTER),2027-08-01
CDB,Pré-fixado,A-,21.0,19.0,2,834.0476521,MASTER,2030-09-01
CDB,Pré-fixado,A-,14.0,19.0,74,1251.509778,BANCO MASTER,2028-10-01
CDB,Pré-fixado,A-,19.0,19.0,1,937.5686065,BANCO MASTER DE INVESTIME,2030-02-01
CDB,Pré-fixado,A-,17.0,19.0,2,1046.96136,BANCO MASTER,2029-06-01
CDB,Pré-fixado,A-,19.0,19.0,1,986.1918166,BANCO MASTER DE INVESTIME,2029-12-01
CDB,Pré-fixado,A-,16.0,19.0,1,1001.974023,BANCO MASTER DE INVESTIME,2028-12-01
CDB,Pré-fixado,A-,25.0,19.0,3,822.7576994,MASTER,2031-08-01
CDB,Pré-fixado,A-,25.0,19.0,10,838.9398118,BANCO MASTER,2031-10-01
CDB,Pré-fixado,A-,12.0,19.0,1,1014.050061,BANCO MASTER DE INVESTIME,2028-01-01
CDB,Pré-fixado,A-,30.0,19.0,5,895.9023813,BANCO MASTER,2032-12-01
CDB,Pré-fixado,A-,16.0,19.0,1,1210.361569,BANCO MASTER,2029-03-01
CDB,Pré-fixado,A-,19.0,19.0,4,971.7618163,BANCO MASTER DE INVESTIME,2029-12-01
CDB,Pré-fixado,A-,14.0,19.0,11,1057.450109,BANCO MASTER,2028-09-01
CDB,Pré-fixado,A-,17.0,19.0,41,931.5622527,BANCO MASTER DE INVESTIME,2029-07-01
CDB,Pré-fixado,A-,14.0,19.0,1,1058.775683,BANCO MASTER,2028-09-01
CDB,Pré-fixado,A-,25.0,19.0,17,816.2794775,BANCO MASTER,2031-08-01
CDB,Pré-fixado,A-,25.0,19.0,50,861.8193892,MASTER,2031-05-01
CDB,Pré-fixado,A-,12.0,19.0,18,1011.127436,BANCO MASTER DE INVESTIME,2028-02-01
CDB,Pré-fixado,A-,16.0,19.0,2,1338.136215,BANCO MASTER,2028-11-01
CDB,Pré-fixado,A-,16.0,19.0,10,1253.660716,BANCO MASTER,2029-01-01
CDB,Pré-fixado,A-,11.0,18.5,25,1328.124863,BANCO MASTER,2027-08-01
CDB,Pré-fixado,A-,19.0,18.5,12,963.6568583,BANCO MASTER DE INVESTIME,2030-01-01
CDB,Pré-fixado,A-,7.0,18.5,178,1448.767273,BANCO MASTER,2026-09-01
CDB,Inflação,A-,7.0,12.89,20,1395.219098,BANCO MASTER,2026-11-01
CDB,Inflação,A-,7.0,12.83,13,1319.38935,BANCO MASTER,2026-12-01
CDB,Inflação,A-,7.0,12.81,1,1315.551059,BANCO MASTER,2026-12-01
CDB,Inflação,A-,7.0,12.79,1,1338.241449,BANCO MASTER,2026-12-01
CDB,Inflação,A-,7.0,12.66,5,1320.590979,BANCO MASTER,2027-02-01
CDB,Inflação,A-,7.0,12.64,14,1313.828172,BANCO MASTER,2027-02-01
CDB,Inflação,A-,7.0,12.63,14,1297.085018,BANCO MASTER,2027-03-01
CDB,Inflação,A-,7.0,12.61,1,1327.558662,BANCO MASTER,2027-03-01
CDB,Inflação,A-,7.0,12.61,2,1332.029489,BANCO MASTER,2027-03-01
CDB,Inflação,A-,7.0,12.58,35,1291.255108,BANCO MASTER,2027-03-01
CDB,Inflação,A-,7.0,12.57,1,1261.325594,BANCO MASTER,2027-03-01
CDB,Inflação,A-,7.0,12.57,30,948.3987403,BANCO MASTER,2027-03-01
CDB,Inflação,A-,7.0,12.55,50,1298.500308,BANCO MASTER,2027-04-01
CDB,Inflação,A-,7.0,12.54,5,1290.880479,BANCO MASTER,2027-04-01
CDB,Inflação,A-,7.0,12.52,8,1035.061773,BANCO MASTER,2027-04-01
CDB,Inflação,,9.0,12.51,1,1035.792759,VOITER (MASTER),2027-04-01
CDB,Inflação,A-,7.0,12.51,16,1257.176482,BANCO MASTER,2027-04-01
CDB,Inflação,A-,7.0,12.0,5,1302.771669,BANCO MASTER,2027-03-01
CDB,Inflação,A-,7.0,11.5,106,1.32438265,BANCO MASTER,2027-04-01
CDB,Inflação,,11.0,11.06,8,964.5586613,VOITER (MASTER),2028-09-01
CDB,Inflação,A-,12.0,10.87,3,952.9260722,BANCO MASTER,2028-11-01
CDB,Inflação,A-,12.0,10.61,1,1014.91151,BANCO MASTER,2029-03-01
CDB,Inflação,A-,12.0,10.57,46,927.8775984,BANCO MASTER,2029-03-01
CDB,Inflação,A-,12.0,10.53,3,1017.526606,BANCO MASTER,2029-04-01
CDB,Inflação,,12.0,10.3,14,970.3584471,VOITER (MASTER),2029-09-01
CDB,Inflação,A-,13.0,10.28,10,1079.508733,BANCO MASTER,2029-09-01
CDB,Inflação,A-,13.0,10.26,1,971.9266494,BANCO MASTER,2029-10-01
CDB,Inflação,A-,13.0,10.23,32,1089.998477,BANCO MASTER,2029-10-01
CDB,Inflação,A-,14.0,10.21,2,947.9792552,BANCO MASTER,2029-11-01
CDB,Inflação,A-,14.0,10.11,15,1037.861038,BANCO MASTER,2030-01-01
CDB,Inflação,A-,14.0,10.1,4,1036.371777,BANCO MASTER,2030-01-01
CDB,Inflação,A-,14.0,10.04,20,1029.64258,BANCO MASTER,2030-03-01
CDB,Inflação,A-,15.0,10.0,1,978.009439,BANCO MASTER,2030-06-01
CDB,Inflação,,12.0,10.0,1,951.2967873,VOITER (MASTER),2030-09-01
CDB,Pós-fixado,A-,7.0,0.0,10,1030.946218,BANCO MASTER,2028-07-01
CDB,Pós-fixado,A-,10.0,0.0,12,970.8648614,BANCO MASTER,2030-10-01
CDB,Pós-fixado,A-,7.0,0.0,2,1232.948155,BANCO MASTER,2028-05-01
CDB,Pós-fixado,A-,7.0,0.0,11,1221.984845,BANCO MASTER,2028-07-01
CDB,Pós-fixado,A-,7.0,0.0,1,1227.51748,BANCO MASTER,2028-05-01
CDB,Pós-fixado,A-,7.0,0.0,1,1007.071391,BANCO MASTER,2028-09-01
CDB,Pós-fixado,A-,7.0,0.0,3,1006.035012,BANCO MASTER,2028-09-01
CDB,Pós-fixado,A-,7.0,0.0,1,1246.666212,BANCO MASTER,2028-04-01
CDB,Pós-fixado,A-,7.0,0.0,68,1156.144976,BANCO MASTER,2027-11-01
CDB,Pós-fixado,A-,10.0,0.0,1,1133.44299,BANCO MASTER,2029-11-01
CDB,Pós-fixado,A-,5.0,0.0,1,1255.648024,BANCO MASTER,2027-04-01
CDB,Pós-fixado,A-,9.0,0.0,2,1218.008826,BANCO MASTER,2029-06-01
CDB,Pós-fixado,A-,10.0,0.0,1,1107.629532,BANCO MASTER,2029-11-01
CDB,Pós-fixado,A-,10.0,0.0,11,1005.295428,BANCO MASTER,2030-06-01
CDB,Pós-fixado,A-,8.0,0.0,1,1099.339127,BANCO MASTER,2029-01-01
CDB,Pós-fixado,A-,7.0,0.0,1,1173.536688,BANCO MASTER,2028-09-01
CDB,Pós-fixado,A-,9.0,0.0,1,1239.268443,BANCO MASTER,2029-05-01
CDB,Pós-fixado,A-,9.0,0.0,1,1233.458247,BANCO MASTER,2029-05-01
CDB,Pós-fixado,A-,7.0,0.0,1,1234.428403,BANCO MASTER,2028-05-01
CDB,Pós-fixado,A-,9.0,0.0,6,1238.446606,BANCO MASTER,2029-05-01
CDB,Pós-fixado,A-,9.0,0.0,3,1194.866967,BANCO MASTER,2029-07-01
CDB,Pós-fixado,A-,7.0,0.0,1,1241.899412,BANCO MASTER,2028-05-01
CDB,Pós-fixado,A-,7.0,0.0,6,999.9721144,BANCO MASTER,2028-10-01
CDB,Pós-fixado,A-,7.0,0.0,2,1180.305687,BANCO MASTER,2028-09-01
CDB,Pós-fixado,A-,10.0,0.0,1,902.6156286,MASTER,2030-09-01
CDB,Pós-fixado,A-,9.0,0.0,1,1177.546604,BANCO MASTER,2029-08-01
CDB,Pós-fixado,A-,7.0,0.0,4,995.9946474,BANCO MASTER,2028-10-01
CDB,Pós-fixado,A-,8.0,0.0,1,1081.783595,BANCO MASTER,2029-04-01
CDB,Pós-fixado,A-,8.0,0.0,6,934.5027521,BANCO MASTER,2029-02-01
CDB,Pós-fixado,A-,9.0,0.0,1,1205.948732,BANCO MASTER,2029-07-01
CDB,Pós-fixado,A-,9.0,0.0,5,1204.416872,BANCO MASTER,2029-07-01
CDB,Pós-fixado,A-,7.0,0.0,1,1166.186284,BANCO MASTER,2028-10-01
CDB,Pós-fixado,A-,10.0,0.0,2,997.0618799,BANCO MASTER,2030-07-01
CDB,Pós-fixado,A-,9.0,0.0,43,1001.233918,BANCO MASTER,2029-08-01
CDB,Pós-fixado,A-,7.0,0.0,4,1242.265984,BANCO MASTER,2028-05-01
CDB,Pós-fixado,A-,5.0,0.0,1,1279.100469,BANCO MASTER,2027-04-01
CDB,Pós-fixado,,12.0,130.0,1,1078.869884,WILL FINANCEIRA (MASTER),2029-07-01
CDB,Pós-fixado,A-,10.0,130.0,1,1185.552602,BANCO MASTER DE INVESTIME,2030-01-01
CDB,Pós-fixado,,12.0,130.0,13,1039.085859,WILL FINANCEIRA (MASTER),2029-09-01
CDB,Pós-fixado,,12.0,130.0,1,1037.57596,WILL FINANCEIRA (MASTER),2030-09-01
CDB,Pós-fixado,A-,10.0,130.0,1,1175.451981,BANCO MASTER DE INVESTIME,2030-01-01
CDB,Pós-fixado,A-,11.0,130.0,3,979.9647144,BANCO MASTER DE INVESTIME,2030-11-01
CDB,Pós-fixado,,12.0,130.0,1,1038.116266,WILL FINANCEIRA (MASTER),2030-09-01
CDB,Pós-fixado,A-,5.0,124.0,8787101,0.99453141,BANCO MASTER,2026-02-01
CDB,Pós-fixado,A-,15.0,117.0,99989,1000.0,BANCO MASTER,2033-05-01
CDB,Pós-fixado,A-,11.0,116.0,100000,1000.0,BANCO MASTER,2031-05-01
CDB,Pós-fixado,A-,10.0,115.0,100000,1000.0,BANCO MASTER,2030-05-01
CDB,Pós-fixado,A-,8.0,114.0,100000,1000.0,BANCO MASTER,2029-05-01
CDB,Pós-fixado,,11.0,113.5,19990,1000.0,DM FINANCEIRA,2028-05-01
CDB,Pós-fixado,,11.0,113.0,10000,1000.0,PERNAMBUCANAS FINANCIADOR,2029-05-01
CDB,Pós-fixado,,11.0,113.0,4000,1000.0,PERNAMBUCANAS FINANCIADOR,2028-05-01
CDB,Pós-fixado,A-,5.0,112.0,99871,1000.0,BANCO MASTER,2027-05-01
CDB,Pós-fixado,,9.0,112.0,20000,1000.0,DM FINANCEIRA,2027-05-01
CDB,Pós-fixado,brBBB,11.0,110.0,9690,1000.0,ORIGINAL,2028-05-01
CDB,Pós-fixado,,9.0,110.0,4000,1000.0,PERNAMBUCANAS FINANCIADOR,2027-05-01
CDB,Pós-fixado,brBBB,9.0,109.0,3800,1000.0,ORIGINAL,2027-05-01
CDB,Pós-fixado,,12.0,108.0,19999,1000.0,MIDWAY,2030-05-01
CDB,Pós-fixado,,11.0,108.0,19996,1000.0,MIDWAY,2029-05-01
CDB,Pós-fixado,,11.0,108.0,20000,1000.0,MIDWAY,2028-05-01
LCA,Pós-fixado,brBBB,9.0,93.0,24308,1000.0,ORIGINAL,2027-05-01
LCA,Pós-fixado,brBBB,9.0,92.5,24520,1000.0,ORIGINAL,2026-10-01
LCA,Pós-fixado,brBBB,9.0,92.0,23398,1000.0,ORIGINAL,2026-05-01
CDB,Pós-fixado,,12.0,130.0,2,1096.366309,WILL FINANCEIRA (MASTER),2029-06-01
CDB,Pré-fixado,A-,25.0,19.0,2,1092.038642,BANCO MASTER,2031-06-01
CDB,Pré-fixado,,11.0,19.0,1,995.7777754,VOITER (MASTER),2026-03-01
CDB,Pré-fixado,AA,7.0,14.85,15000,1000.0,BANCO BBC,2027-10-01
CDB,Pré-fixado,AA,2.0,14.75,15000,1000.0,BANCO BBC,2026-05-01
CDB,Inflação,brAAA,5.0,7.61,5000,1000.0,BANCO BV,2027-05-01
CDB,Inflação,brAAA,7.0,7.53,5000,1000.0,BANCO BV,2028-05-01
CDB,Inflação,,12.0,7.4,5000,1000.0,BANCO BV,2029-05-01
CDB,Inflação,brAAA,6.0,7.4,5000,1000.0,BANCO BV,2027-11-01
CDB,Inflação,brAA+,9.0,7.02,15000,1000.0,DAYCOVAL,2029-05-01
CDB,Pós-fixado,,9.0,111.0,6000,1000.0,NEON FINANCEIRA,2027-05-01
CDB,Pós-fixado,,11.0,111.0,6000,1000.0,NEON FINANCEIRA,2027-10-01
CDB,Pós-fixado,,9.0,109.0,6000,1000.0,NEON FINANCEIRA,2026-05-01
CDB,Pós-fixado,,9.0,108.75,6000,1000.0,NEON FINANCEIRA,2026-10-01
CDB,Pós-fixado,brAAA,5.0,100.7,5000,1000.0,BANCO BV,2029-05-01
LCA,Pós-fixado,brAAA,5.0,87.3,10000,100.0,BANCO BV,2029-05-01
CDB,Pré-fixado,AA,4.0,14.85,15000,1000.0,BANCO BBC,2026-10-01
CDB,Pré-fixado,A,6.0,14.56,20000000,1.0,BMG,2027-05-01
CDB,Pré-fixado,A,9.0,14.36,20000000,1.0,BMG,2028-05-01
CDB,Pré-fixado,AAA,6.0,14.0,10000,1000.0,BANCO ANDBANK (BRASIL),2027-05-01
CDB,Pré-fixado,AAA.br,12.0,13.94,2000,1000.0,STELLANTIS FINANCIAMENTOS,2029-05-01
CDB,Pré-fixado,AAA,9.0,13.8,10000,1000.0,BANCO ANDBANK (BRASIL),2028-05-01
CDB,Pré-fixado,AAA.br,9.0,13.72,2000,1000.0,STELLANTIS FINANCIAMENTOS,2028-05-01
CDB,Pré-fixado,brAAA,12.0,13.61,10000,100.0,BANCO BV,2029-05-01
CDB,Pré-fixado,brAAA,12.0,13.61,1000,1000.0,BANCO BV,2029-05-01
LCA,Pré-fixado,AAA,12.0,12.39,1000,1000.0,BANCO BOCOM BBM,2029-05-01
CDB,Inflação,brAAA,3.0,8.69,5000,1000.0,BANCO BV,2026-05-01
CDB,Inflação,,,8.69,50000,100.0,BANCO BV,2026-05-01
CDB,Inflação,,9.0,8.53,20000000,1.0,BMG,2026-10-01
CDB,Inflação,A,5.0,8.27,20000000,1.0,BMG,2027-10-01
CDB,Inflação,A,7.0,8.23,20000000,1.0,BMG,2028-10-01
CDB,Inflação,,11.0,7.53,50000,100.0,BANCO BV,2028-05-01
CDB,Inflação,,12.0,7.4,50000,100.0,BANCO BV,2029-05-01
CDB,Inflação,,11.0,7.4,50000,100.0,BANCO BV,2027-11-01
CDB,Inflação,brAA+,5.0,7.31,15000,1000.0,DAYCOVAL,2027-10-01
LCA,Inflação,AAA,4.0,6.74,850,1000.0,BANCO BOCOM BBM,2027-05-01
LCA,Inflação,AAA,9.0,6.33,850,1000.0,BANCO BOCOM BBM,2029-05-01
LCA,Inflação,AAA,6.0,6.26,850,1000.0,BANCO BOCOM BBM,2028-05-01
LCA,Inflação,,11.0,5.43,5000,100.0,BANCO BV,2028-05-01
LCA,Inflação,,,4.97,10000,100.0,BANCO BV,2029-05-01
CDB,Pós-fixado,AAA,2.0,0.0,10000,1000.0,BANCO ANDBANK (BRASIL),2027-05-01
CDB,Pós-fixado,,11.0,111.5,6000,1000.0,NEON FINANCEIRA,2028-05-01
CDB,Pós-fixado,A,4.0,107.0,20000000,1.0,BMG,2028-10-01
CDB,Pós-fixado,,9.0,104.0,3000,1000.0,NEON FINANCEIRA,2025-10-01
CDB,Pós-fixado,,12.0,101.8,10000,1000.0,BANCO ANDBANK (BRASIL),2030-04-01
CDB,Pós-fixado,AAA,3.0,101.1,10000,1000.0,BANCO ANDBANK (BRASIL),2028-05-01
CDB,Pós-fixado,brAAA,5.0,100.7,50000,100.0,BANCO BV,2029-05-01
CDB,Pós-fixado,AAA,2.0,100.65,10000,1000.0,BANCO ANDBANK (BRASIL),2027-05-01
CDB,Pós-fixado,AAA,2.0,100.55,10000,1000.0,BANCO ANDBANK (BRASIL),2026-10-01
LCA,Pós-fixado,AAA,5.0,92.5,400,1000.0,BANCO BOCOM BBM,2029-05-01
LCA,Pós-fixado,AAA,3.0,90.5,650,1000.0,BANCO BOCOM BBM,2028-05-01
LCA,Pós-fixado,brAAA,5.0,86.3,10000,100.0,BANCO BV,2029-05-01
CDB,Pré-fixado,brA,2.0,15.5,5000,1000.0,PINE,2026-05-01
CDB,Pré-fixado,brA,23.0,14.9,5000,1000.0,PINE,2032-04-01
CDB,Pré-fixado,brA,20.0,14.85,5000,1000.0,PINE,2031-05-01
CDB,Pré-fixado,brA,16.0,14.75,5000,1000.0,PINE,2030-05-01
CDB,Pré-fixado,BBB-.br,16.0,14.74,5000,1000.0,BANCO DIGIMAIS,2030-05-01
CDB,Pré-fixado,brA,13.0,14.65,5000,1000.0,PINE,2029-05-01
CDB,Pré-fixado,brA,11.0,14.55,5000,1000.0,PINE,2028-10-01
CDB,Pré-fixado,brA,9.0,14.5,5000,1000.0,PINE,2028-05-01
CDB,Pré-fixado,BBB-.br,13.0,14.44,5000,1000.0,BANCO DIGIMAIS,2029-05-01
CDB,Inflação,brA,2.0,8.9,5000,1000.0,PINE,2026-05-01
CDB,Inflação,brA,4.0,8.5,5000,1000.0,PINE,2027-05-01
CDB,Inflação,brA,15.0,7.95,5000,1000.0,PINE,2032-04-01
CDB,Inflação,BBB+,9.0,7.9,100000,1000.0,FIBRA,2027-05-01
CDB,Inflação,BBB+,11.0,7.6,100000,1000.0,FIBRA,2029-05-01
CDB,Inflação,BBB+,12.0,7.6,100000,1000.0,FIBRA,2030-05-01
CDB,Inflação,BBB+,11.0,7.6,100000,1000.0,FIBRA,2027-10-01
CDB,Inflação,BBB+,13.0,7.6,100000,1000.0,FIBRA,2031-05-01
CDB,Inflação,BBB+,15.0,7.6,100000,1000.0,FIBRA,2032-04-01
CDB,Inflação,BBB+,11.0,7.45,100000,1000.0,FIBRA,2028-10-01
CDB,Pós-fixado,brA,3.0,0.0,5000,1000.0,PINE,2027-10-01
CDB,Pós-fixado,brA,2.0,0.0,5000,1000.0,PINE,2026-10-01
CDB,Pós-fixado,brA,4.0,0.0,5000,1000.0,PINE,2028-10-01
CDB,Pós-fixado,brA,2.0,0.0,5000,1000.0,PINE,2026-05-01
CDB,Pós-fixado,brA,9.0,0.0,5000,1000.0,PINE,2032-04-01
CDB,Pós-fixado,BB,12.0,106.0,800,1000.0,LUSO BRASILEIRO,2030-05-01
CDB,Pós-fixado,BB,11.0,106.0,800,1000.0,LUSO BRASILEIRO,2029-05-01
CDB,Pós-fixado,A-.br,5.0,104.5,1000,1000.0,BANCO TOPAZIO,2027-05-01
CDB,Pós-fixado,brA,8.0,104.0,5000,1000.0,PINE,2031-05-01
CDB,Pós-fixado,brA,9.0,104.0,5000,1000.0,PINE,2032-04-01
CDB,Pós-fixado,AAA,2.0,99.0,50000,1000.0,MERCADO LIVRE CFI,2026-05-01
CDB,Pós-fixado,AA-,2.0,99.0,5000,1000.0,BANCO RENDIMENTO,2026-01-01
CDB,Pré-fixado,brAAA,2.0,15.1,50000,1000.0,BANCO XP,2026-05-01
CDB,Pré-fixado,A-.br,26.0,14.78,10000,1000.0,PICPAY,2032-04-01
CDB,Pré-fixado,brAAA,2.0,14.65,100000,1000.0,BANCO XP,2025-10-01
CDB,Pré-fixado,brAAA,2.0,14.5,100000,1000.0,BANCO XP,2025-07-01
CDB,Pré-fixado,brAAA,6.0,14.4,50000,1000.0,BANCO XP,2027-05-01
CDB,Pré-fixado,AAA,4.0,14.3,10000,1000.0,BANCO ANDBANK (BRASIL),2026-10-01
CDB,Pré-fixado,,17.0,14.15,10000,1000.0,BANCO ANDBANK (BRASIL),2030-04-01
CDB,Pré-fixado,brAAA,16.0,14.0,50000,1000.0,BANCO XP,2030-05-01
CDB,Pré-fixado,AAA,12.0,13.95,10000,1000.0,BANCO ANDBANK (BRASIL),2029-04-01
CDB,Pré-fixado,brAAA,12.0,13.8,50000,1000.0,BANCO XP,2029-05-01
CDB,Pré-fixado,brAAA,9.0,13.65,50000,1000.0,BANCO XP,2028-05-01
LCA,Pré-fixado,AAA,2.0,12.71,250,1000.0,BANCO ABC,2026-02-01
LCA,Pré-fixado,AAA,2.0,12.66,250,1000.0,BANCO ABC,2026-05-01
LCA,Pré-fixado,AAA,6.0,12.03,250,1000.0,BANCO ABC,2027-05-01
LCA,Pré-fixado,,12.0,11.94,250,1000.0,BANCO ABC,2028-05-01
LCA,Pré-fixado,,13.0,11.33,10000,100.0,BANCO BV,2029-05-01
CDB,Inflação,AAA,4.0,8.09,10000,1000.0,HAITONG,2027-05-01
CDB,Inflação,brAAA,2.0,7.9,100000,1000.0,BANCO XP,2026-05-01
CDB,Inflação,AAA,6.0,7.7,10000,1000.0,HAITONG,2028-05-01
CDB,Inflação,brAAA,4.0,7.65,100000,1000.0,BANCO XP,2027-05-01
LCA,Inflação,AAA,2.0,7.32,250,1000.0,BANCO ABC,2026-05-01
CDB,Inflação,brAAA,11.0,7.1,100000,1000.0,BANCO XP,2030-05-01
CDB,Inflação,brAAA,9.0,7.05,100000,1000.0,BANCO XP,2029-05-01
CDB,Inflação,brAAA,6.0,7.05,100000,1000.0,BANCO XP,2028-05-01
LCA,Inflação,AAA,4.0,6.35,250,1000.0,BANCO ABC,2027-05-01
LCA,Inflação,brAAA,5.0,5.42,10000,100.0,BANCO BV,2027-05-01
CDB,Pós-fixado,,12.0,0.0,10000,1000.0,BANCO ANDBANK (BRASIL),2030-04-01
CDB,Pós-fixado,AAA,5.0,0.0,10000,1000.0,BANCO ANDBANK (BRASIL),2029-04-01
CDB,Pós-fixado,AAA,3.0,0.0,10000,1000.0,BANCO ANDBANK (BRASIL),2028-05-01
CDB,Pós-fixado,AAA,2.0,0.0,10000,1000.0,BANCO ANDBANK (BRASIL),2026-10-01
CDB,Pós-fixado,,11.0,109.5,10000,1000.0,PICPAY,2028-05-01
CDB,Pós-fixado,,9.0,109.0,10000,1000.0,PICPAY,2027-05-01
CDB,Pós-fixado,,9.0,102.0,3000,1000.0,NEON FINANCEIRA,2025-07-01
CDB,Pós-fixado,brAAA,2.0,101.5,200000,1000.0,STONE SCFI,2027-05-01
CDB,Pós-fixado,brAAA,6.0,101.5,100000,1000.0,BANCO XP,2030-05-01
CDB,Pós-fixado,AAA,5.0,101.45,10000,1000.0,BANCO ANDBANK (BRASIL),2029-04-01
CDB,Pós-fixado,brAAA,5.0,101.3,100000,1000.0,BANCO XP,2029-05-01
CDB,Pós-fixado,brAAA,3.0,100.75,100000,1000.0,BANCO XP,2028-05-01
CDB,Pós-fixado,brAAA,2.0,100.5,100000,1000.0,BANCO XP,2027-05-01
CDB,Pós-fixado,brAAA,2.0,100.5,200000,1000.0,STONE SCFI,2026-05-01
CDB,Pós-fixado,brAAA,2.0,100.0,99500,1000.0,BANCO XP,2026-05-01
CDB,Pós-fixado,brAAA,1.0,99.5,99900,1000.0,BANCO XP,2025-10-01
CDB,Pós-fixado,AAA,2.0,98.28,1000,1000.0,BANCO ABC,2027-05-01
CDB,Pós-fixado,AAA,2.0,98.0,1000,1000.0,BANCO ABC,2026-05-01
LCA,Pós-fixado,AAA,4.0,91.0,250,1000.0,BANCO ABC,2028-05-01
LCA,Pós-fixado,AAA,2.0,90.0,250,1000.0,BANCO ABC,2027-05-01
LCA,Pós-fixado,AAA,2.0,89.5,250,1000.0,BANCO ABC,2026-05-01
LCI,Pós-fixado,AA-.br,2.0,89.0,20000,1000.0,POUPEX,2026-05-01
LCA,Pós-fixado,AAA,2.0,89.0,250,1000.0,BANCO ABC,2026-02-01
LCA,Pós-fixado,,11.0,89.0,25000,1000.0,BDMG,2027-11-01
LCA,Pós-fixado,brA+,2.0,88.0,25000,1000.0,BDMG,2027-05-01
LCA,Pós-fixado,brA+,2.0,87.0,25000,1000.0,BDMG,2026-05-01
CDB,Pré-fixado,A-,23.0,16.3,100000,1000.0,BANCO MASTER,2031-05-01
CDB,Pré-fixado,A-,32.0,16.3,100000,1000.0,BANCO MASTER,2033-05-01
CDB,Pré-fixado,A-,19.0,15.5,100000,1000.0,BANCO MASTER,2030-05-01
CDB,Pré-fixado,A-,16.0,15.1,100000,1000.0,BANCO MASTER,2029-05-01
CDB,Pré-fixado,A-,12.0,14.9,100000,1000.0,BANCO MASTER,2028-05-01
CDB,Pré-fixado,A-,9.0,14.7,100000,1000.0,BANCO MASTER,2027-05-01
CDB,Inflação,A-,7.0,8.45,100000,1000.0,BANCO MASTER,2027-05-01
CDB,Inflação,,,8.4,30000,1000.0,BANCO C6,2026-08-01
CDB,Inflação,A-,16.0,8.05,100000,1000.0,BANCO MASTER,2031-05-01
CDB,Inflação,A-,14.0,8.0,100000,1000.0,BANCO MASTER,2030-05-01
CDB,Inflação,A-,12.0,7.95,100000,1000.0,BANCO MASTER,2029-05-01
CDB,Inflação,BBB+,17.0,7.6,100000,1000.0,FIBRA,2033-04-01
CDB,Inflação,BBB+,11.0,7.5,100000,1000.0,FIBRA,2028-05-01
CDB,Inflação,A-,21.0,7.5,100000,1000.0,BANCO MASTER,2033-05-01
LCI,Inflação,,11.0,6.3,3000,1000.0,OXY,2028-05-01
CDB,Pós-fixado,A-,11.0,0.0,100000,1000.0,BANCO MASTER,2031-05-01
CDB,Pós-fixado,A-,10.0,0.0,100000,1000.0,BANCO MASTER,2030-05-01
CDB,Pós-fixado,A-,8.0,0.0,100000,1000.0,BANCO MASTER,2029-05-01
CDB,Pós-fixado,,9.0,111.0,7655,1000.0,LEBES FINANCEIRA,2027-05-01
CDB,Pós-fixado,BBB+.br,11.0,105.5,100,1000.0,ZEMA FINANCEIRA,2028-05-01
CDB,Pós-fixado,BBB+.br,9.0,103.5,100,1000.0,ZEMA FINANCEIRA,2027-05-01
CDB,Pré-fixado,,11.0,15.41,1000,1000.0,RP FINANCEIRA,2026-05-01
CDB,Pré-fixado,A-.br,5.0,15.37,10000,1000.0,PICPAY,2026-05-01
CDB,Pré-fixado,BBB,11.0,15.29,5000,1000.0,OMNI BANCO,2026-05-01
CDB,Pré-fixado,,11.0,15.02,10000,1000.0,PICPAY,2026-10-01
CDB,Pré-fixado,A,2.0,15.0,20000000,1.0,BMG,2026-05-01
CDB,Pré-fixado,,11.0,15.0,5000,1000.0,TENTOS CFI,2025-10-01
CDB,Pré-fixado,A-.br,23.0,14.85,10000,1000.0,PICPAY,2031-05-01
CDB,Pré-fixado,A-,5.0,14.84,2000,1000.0,BANCO TRIANGULO,2026-05-01
CDB,Pré-fixado,A-.br,9.0,14.84,10000,1000.0,PICPAY,2027-05-01
CDB,Pré-fixado,,11.0,14.76,2000,1000.0,RP FINANCEIRA,2027-05-01
CDB,Pré-fixado,A-.br,19.0,14.76,10000,1000.0,PICPAY,2030-05-01
CDB,Pré-fixado,AA,6.0,14.75,15000,1000.0,BANCO BBC,2027-05-01
CDB,Pré-fixado,AA,9.0,14.75,15000,1000.0,BANCO BBC,2028-05-01
CDB,Pré-fixado,AAA.br,2.0,14.72,5000,1000.0,STELLANTIS FINANCIAMENTOS,2025-10-01
CDB,Pré-fixado,BBB,11.0,14.63,5000,1000.0,OMNI BANCO,2027-05-01
CDB,Pré-fixado,A-.br,16.0,14.62,10000,1000.0,PICPAY,2029-05-01
CDB,Pré-fixado,A,16.0,14.59,20000000,1.0,BMG,2030-05-01
CDB,Pré-fixado,A-.br,12.0,14.58,10000,1000.0,PICPAY,2028-05-01
CDB,Pré-fixado,AAA.br,2.0,14.56,5000,1000.0,STELLANTIS FINANCIAMENTOS,2025-08-01
CDB,Pré-fixado,AAA.br,2.0,14.5,5000,1000.0,STELLANTIS FINANCIAMENTOS,2025-07-01
CDB,Pré-fixado,A,13.0,14.45,20000000,1.0,BMG,2029-05-01
CDB,Pré-fixado,AAA.br,2.0,14.42,2000,1000.0,STELLANTIS FINANCIAMENTOS,2025-07-01
CDB,Pré-fixado,AA,2.0,14.35,15000,1000.0,BANCO BBC,2025-10-01
CDB,Pré-fixado,brAA+,2.0,14.34,15000,1000.0,DAYCOVAL,2025-10-01
CDB,Pré-fixado,A-,9.0,14.33,2000,1000.0,BANCO TRIANGULO,2027-05-01
CDB,Pré-fixado,A-,19.0,14.33,2000,1000.0,BANCO TRIANGULO,2030-05-01
CDB,Pré-fixado,AAA.br,2.0,14.3,2000,1000.0,STELLANTIS FINANCIAMENTOS,2025-06-01
CDB,Pré-fixado,A-,16.0,14.17,2000,1000.0,BANCO TRIANGULO,2029-05-01
CDB,Pré-fixado,A,11.0,14.07,20000000,1.0,BMG,2028-10-01
CDB,Pré-fixado,A-,12.0,14.06,2000,1000.0,BANCO TRIANGULO,2028-05-01
CDB,Pré-fixado,,11.0,13.6,5000,1000.0,BANCO INDUSTRIAL DO BRASI,2027-05-01
LCA,Pré-fixado,AAA,2.0,12.7,900,1000.0,BANCO BOCOM BBM,2026-02-01
LCA,Pré-fixado,AAA,2.0,12.63,2500,1000.0,BANCO BOCOM BBM,2026-05-01
LCA,Pré-fixado,AAA,2.0,12.31,250,1000.0,BANCO ABC,2026-05-01
LCA,Pré-fixado,AAA,6.0,12.19,1150,1000.0,BANCO BOCOM BBM,2027-05-01
LCA,Pré-fixado,AAA,9.0,12.12,1000,1000.0,BANCO BOCOM BBM,2028-05-01
LCA,Pré-fixado,AAA,4.0,12.11,750,1000.0,BANCO BOCOM BBM,2026-10-01
LCA,Pré-fixado,brAAA,2.0,12.0,15000,1000.0,BTG PACTUAL,2026-05-01
LCA,Pré-fixado,,,11.98,15000,1000.0,BTG PACTUAL,2026-01-01
LCI,Pré-fixado,AA+,2.0,11.96,5000,1000.0,BANCO RODOBENS,2026-05-01
LCA,Pré-fixado,AAA,6.0,11.68,250,1000.0,BANCO ABC,2027-05-01
LCA,Pré-fixado,brAAA,4.0,11.59,15000,1000.0,BTG PACTUAL,2026-10-01
CDB,Inflação,brAA+,2.0,8.78,10000,1000.0,PARANA BANCO,2026-05-01
CDB,Inflação,A,4.0,8.26,20000000,1.0,BMG,2027-05-01
CDB,Inflação,A,9.0,8.0,20000000,1.0,BMG,2029-05-01
CDB,Inflação,brAA+,4.0,7.76,10000,1000.0,PARANA BANCO,2027-05-01
CDB,Inflação,A,11.0,7.54,20000000,1.0,BMG,2030-05-01
CDB,Inflação,brAA+,6.0,7.39,10000,1000.0,PARANA BANCO,2028-05-01
CDB,Inflação,brAA+,9.0,7.19,10000,1000.0,PARANA BANCO,2029-05-01
CDB,Inflação,brAA+,6.0,7.18,15000,1000.0,DAYCOVAL,2028-05-01
CDB,Inflação,brAA+,11.0,7.17,10000,1000.0,PARANA BANCO,2030-05-01
CDB,Inflação,A,6.0,7.0,20000000,1.0,BMG,2028-05-01
CDB,Inflação,brAA+,13.0,6.82,15000,1000.0,DAYCOVAL,2031-05-01
CDB,Inflação,brAA+,11.0,6.8,15000,1000.0,DAYCOVAL,2030-05-01
LCA,Inflação,brAAA,2.0,6.31,15000,1000.0,BTG PACTUAL,2026-05-01
LCA,Inflação,brAAA,4.0,5.61,15000,1000.0,BTG PACTUAL,2027-05-01
CDB,Pós-fixado,BBB,9.0,0.0,8000,1000.0,OMNI BANCO,2027-05-01
CDB,Pós-fixado,BBB,9.0,0.0,5000,1000.0,OMNI BANCO,2026-05-01
CDB,Pós-fixado,,9.0,108.5,10000,1000.0,PICPAY,2026-10-01
CDB,Pós-fixado,,9.0,108.0,10000,1000.0,PICPAY,2026-05-01
CDB,Pós-fixado,,9.0,107.0,2000,1000.0,RP FINANCEIRA,2026-05-01
CDB,Pós-fixado,A,4.0,107.0,20000000,1.0,BMG,2028-05-01
CDB,Pós-fixado,,9.0,107.0,1000,1000.0,RP FINANCEIRA,2027-05-01
CDB,Pós-fixado,BBB,9.0,107.0,8000,1000.0,OMNI BANCO,2027-05-01
CDB,Pós-fixado,A,2.0,106.0,20000000,1.0,BMG,2027-05-01
CDB,Pós-fixado,A,3.0,106.0,20000000,1.0,BMG,2027-10-01
CDB,Pós-fixado,BBB,9.0,106.0,5000,1000.0,OMNI BANCO,2026-05-01
CDB,Pós-fixado,A-,10.0,104.0,2000,1000.0,BANCO TRIANGULO,2030-05-01
CDB,Pós-fixado,,9.0,103.0,100000,1000.0,BRB,2026-05-01
CDB,Pós-fixado,A-,7.0,103.0,2000,1000.0,BANCO TRIANGULO,2028-05-01
CDB,Pós-fixado,A,5.0,103.0,20000000,1.0,BMG,2029-05-01
CDB,Pós-fixado,brAA-,6.0,103.0,5000,1000.0,MERCANTIL DO BRASIL,2030-05-01
CDB,Pós-fixado,,9.0,103.0,500,1000.0,CORA SOCIEDADE DE CREDITO,2026-05-01
CDB,Pós-fixado,A,7.0,103.0,20000000,1.0,BMG,2030-05-01
CDB,Pós-fixado,A-,8.0,103.0,2000,1000.0,BANCO TRIANGULO,2029-05-01
CDB,Pós-fixado,AA,2.0,102.5,15000,1000.0,BANCO BBC,2027-05-01
CDB,Pós-fixado,brAA-,5.0,102.5,5000,1000.0,MERCANTIL DO BRASIL,2029-05-01
CDB,Pós-fixado,AA,2.0,102.5,15000,1000.0,BANCO BBC,2027-10-01
CDB,Pós-fixado,AA,2.0,102.5,15000,1000.0,BANCO BBC,2026-10-01
CDB,Pós-fixado,AA,3.0,102.5,15000,1000.0,BANCO BBC,2028-05-01
CDB,Pós-fixado,brAA-,3.0,102.25,5000,1000.0,MERCANTIL DO BRASIL,2028-05-01
CDB,Pós-fixado,AA,2.0,102.0,15000,1000.0,BANCO BBC,2026-05-01
CDB,Pós-fixado,A-,5.0,102.0,2000,1000.0,BANCO TRIANGULO,2027-05-01
CDB,Pós-fixado,brAA+,6.0,102.0,10000,1000.0,PARANA BANCO,2030-05-01
CDB,Pós-fixado,brAA-,2.0,102.0,5000,1000.0,MERCANTIL DO BRASIL,2027-05-01
CDB,Pós-fixado,AA,2.0,102.0,15000,1000.0,BANCO BBC,2025-10-01
CDB,Pós-fixado,,9.0,102.0,500,1000.0,CORA SOCIEDADE DE CREDITO,2025-10-01
CDB,Pós-fixado,brAA+,5.0,101.5,10000,1000.0,PARANA BANCO,2029-05-01
CDB,Pós-fixado,brAAA,1.0,101.5,100000000,1.0,PAGBANK,2025-08-01
CDB,Pós-fixado,AA+,6.0,101.4,2000,1000.0,BANCO RODOBENS,2030-05-01
CDB,Pós-fixado,brAAA,1.0,101.25,100000000,1.0,PAGBANK,2025-07-01
CDB,Pós-fixado,AA+,5.0,101.2,2000,1000.0,BANCO RODOBENS,2029-05-01
CDB,Pós-fixado,AA-.br,8.0,101.0,10000,1000.0,BANCO INDUSTRIAL DO BRASI,2031-05-01
CDB,Pós-fixado,brAA+,3.0,101.0,10000,1000.0,PARANA BANCO,2028-05-01
CDB,Pós-fixado,A-,5.0,101.0,2000,1000.0,BANCO TRIANGULO,2026-05-01
CDB,Pós-fixado,AA+,3.0,100.7,2000,1000.0,BANCO RODOBENS,2028-05-01
CDB,Pós-fixado,AA-.br,5.0,100.5,10000,1000.0,BANCO INDUSTRIAL DO BRASI,2029-05-01
CDB,Pós-fixado,brAA+,2.0,100.5,10000,1000.0,PARANA BANCO,2027-05-01
CDB,Pós-fixado,brAA+,2.0,100.5,10000,1000.0,PARANA BANCO,2025-10-01
CDB,Pós-fixado,brAA+,2.0,100.0,10000,1000.0,PARANA BANCO,2026-05-01
CDB,Pós-fixado,brAAA,1.0,100.0,5000,1000.0,BANCO PAN,2025-10-01
CDB,Pós-fixado,brAA-,2.0,100.0,5000,1000.0,MERCANTIL DO BRASIL,2026-05-01
CDB,Pós-fixado,brAAA,1.0,100.0,5000,1000.0,STONE SCFI,2025-10-01
CDB,Pós-fixado,brA+,2.0,100.0,100000,1000.0,BRB,2026-05-01
CDB,Pós-fixado,AA,3.0,99.73,10000,1000.0,BR PARTNERS BANCO DE INVE,2028-05-01
CDB,Pós-fixado,brAAA,1.0,99.6,200000,1000.0,BANCO XP,2025-08-01
CDB,Pós-fixado,brAAA,1.0,99.5,5000,1000.0,BANCO PAN,2025-07-01
CDB,Pós-fixado,brAA+,2.0,99.5,10000,1000.0,PARANA BANCO,2025-07-01
CDB,Pós-fixado,brAAA,1.0,99.5,100000000,1.0,PAGBANK,2025-07-01
CDB,Pós-fixado,brAAA,1.0,99.5,5000,1000.0,STONE SCFI,2025-07-01
CDB,Pós-fixado,brAAA,1.0,99.25,300000,1000.0,BANCO XP,2025-07-01
CDB,Pós-fixado,brAAA,1.0,99.25,500000,1000.0,BTG PACTUAL,2025-10-01
CDB,Pós-fixado,brAAA,1.0,99.0,500000,1000.0,BTG PACTUAL,2025-07-01
CDB,Pós-fixado,AA-.br,2.0,99.0,10000,1000.0,BANCO INDUSTRIAL DO BRASI,2027-05-01
CDB,Pós-fixado,brAAA,1.0,99.0,5000,1000.0,BANCO PAN,2025-07-01
CDB,Pós-fixado,brAAA,1.0,99.0,100000000,1.0,PAGBANK,2025-06-01
CDB,Pós-fixado,AA,2.0,98.88,10000,1000.0,BR PARTNERS BANCO DE INVE,2027-05-01
CDB,Pós-fixado,brAAA,2.0,98.75,5000,1000.0,BANCO PAN,2027-05-01
CDB,Pós-fixado,AA.br,,98.75,50000000,1.0,ICBC DO BRASIL BANCO MULT,2025-10-01
CDB,Pós-fixado,AA+,2.0,98.7,2000,1000.0,BANCO RODOBENS,2027-05-01
CDB,Pós-fixado,AAA,1.0,98.5,1000,1000.0,BANCO ABC,2025-10-01
CDB,Pós-fixado,brAAA,1.0,98.2,50000,100.0,BANCO BV,2025-10-01
CDB,Pós-fixado,brAAA,1.0,98.2,5000,1000.0,BANCO BV,2025-10-01
CDB,Pós-fixado,AA-.br,2.0,98.0,10000,1000.0,BANCO INDUSTRIAL DO BRASI,2026-05-01
CDB,Pós-fixado,brAAA,1.0,98.0,300000,1000.0,BANCO XP,2025-07-01
CDB,Pós-fixado,brAAA,1.0,98.0,9058,1000.0,BANCO VOLKSWAGEN,2026-05-01
CDB,Pós-fixado,AA.br,,98.0,50000000,1.0,ICBC DO BRASIL BANCO MULT,2025-07-01
CDB,Pós-fixado,brAA+,2.0,97.5,20000,1000.0,DAYCOVAL,2025-10-01
CDB,Pós-fixado,brAAA,1.0,97.5,9960,1000.0,BANCO VOLKSWAGEN,2027-05-01
CDB,Pós-fixado,AA.br,,97.5,50000000,1.0,ICBC DO BRASIL BANCO MULT,2025-07-01
CDB,Pós-fixado,AA+,2.0,97.0,2000,1000.0,BANCO RODOBENS,2025-07-01
CDB,Pós-fixado,brAA+,2.0,97.0,20000,1000.0,DAYCOVAL,2025-06-01
CDB,Pós-fixado,AA,2.0,97.0,15000,1000.0,BANCO BBC,2025-08-01
CDB,Pós-fixado,AA,2.0,97.0,15000,1000.0,BANCO BBC,2025-07-01
CDB,Pós-fixado,AAA.br,1.0,97.0,100000000,1.0,MIZUHO,2027-05-01
CDB,Pós-fixado,brAA+,2.0,97.0,20000,1000.0,DAYCOVAL,2025-07-01
CDB,Pós-fixado,AA,2.0,97.0,15000,1000.0,BANCO BBC,2025-07-01
CDB,Pós-fixado,brAA+,2.0,97.0,20000,1000.0,DAYCOVAL,2025-07-01
CDB,Pós-fixado,AA+,2.0,97.0,2000,1000.0,BANCO RODOBENS,2025-10-01
CDB,Pós-fixado,brAA+,2.0,97.0,20000,1000.0,DAYCOVAL,2025-08-01
CDB,Pós-fixado,AA,2.0,97.0,15000,1000.0,BANCO BBC,2025-06-01
CDB,Pós-fixado,AA.br,,97.0,50000000,1.0,ICBC DO BRASIL BANCO MULT,2025-06-01
LCI,Pós-fixado,brA+,2.0,91.0,25000,1000.0,BRB,2026-05-01
LCI,Pós-fixado,brA+,2.0,90.5,25000,1000.0,BRB,2026-02-01
LCA,Pós-fixado,AAA,2.0,90.0,650,1000.0,BANCO BOCOM BBM,2027-05-01
LCA,Pós-fixado,AAA,2.0,89.0,250,1000.0,BANCO ABC,2027-05-01
LCA,Pós-fixado,AAA,2.0,88.5,250,1000.0,BANCO ABC,2026-05-01
LCA,Pós-fixado,AAA,2.0,88.0,1400,1000.0,BANCO BOCOM BBM,2026-05-01
LCA,Pós-fixado,AAA,2.0,88.0,400,1000.0,BANCO BOCOM BBM,2026-10-01
LCA,Pós-fixado,AAA,2.0,87.5,1650,1000.0,BANCO BOCOM BBM,2026-02-01
LCA,Pós-fixado,brAAA,2.0,87.0,15000,1000.0,BTG PACTUAL,2027-05-01
LCA,Pós-fixado,brAAA,2.0,87.0,15000,1000.0,BTG PACTUAL,2026-05-01
LCA,Pós-fixado,brAAA,2.0,87.0,15000,1000.0,BTG PACTUAL,2027-10-01
LCA,Pós-fixado,brAAA,2.0,87.0,15000,1000.0,BTG PACTUAL,2026-10-01
LCA,Pós-fixado,,9.0,86.0,15000,1000.0,BTG PACTUAL,2026-01-01
LCA,Pós-fixado,AA+,2.0,83.9,5000,1000.0,BANCO RODOBENS,2026-05-01
CDB,Pré-fixado,AA-.br,2.0,15.45,20000,1000.0,AGIBANK,2026-05-01
CDB,Pré-fixado,,11.0,15.45,300000,1000.0,FACTA FINANCEIRA,2026-05-01
CDB,Pré-fixado,,11.0,15.3,300000,1000.0,FACTA FINANCEIRA,2027-05-01
CDB,Pré-fixado,AA-.br,4.0,15.0,20000,1000.0,AGIBANK,2026-10-01
CDB,Pré-fixado,brA,4.0,15.0,5000,1000.0,PINE,2026-10-01
CDB,Pré-fixado,AA-.br,6.0,14.85,20000,1000.0,AGIBANK,2027-05-01
CDB,Pré-fixado,AA-.br,6.0,14.85,20000,1000.0,AGIBANK,2027-05-01
CDB,Pré-fixado,brAAA,2.0,14.81,20000,1000.0,BANCO CARREFOUR,2025-10-01
CDB,Pré-fixado,brBBB,11.0,14.8,10000,1000.0,ORIGINAL,2027-05-01
CDB,Pré-fixado,A,2.0,14.8,30000,1000.0,BANCO C6,2025-10-01
CDB,Pré-fixado,brA,23.0,14.7,20000,1000.0,PINE,2032-04-01
CDB,Pré-fixado,brA,6.0,14.7,5000,1000.0,PINE,2027-05-01
CDB,Pré-fixado,AAA,2.0,14.66,50000,1000.0,MERCADO LIVRE CFI,2025-10-01
CDB,Pré-fixado,brBBB,12.0,14.64,10000,1000.0,ORIGINAL,2028-05-01
CDB,Pré-fixado,A,2.0,14.6,30000,1000.0,BANCO C6,2026-05-01
CDB,Pré-fixado,brA,20.0,14.6,20000,1000.0,PINE,2031-05-01
CDB,Pré-fixado,brAAA,2.0,14.58,20000,1000.0,BANCO CARREFOUR,2025-07-01
CDB,Pré-fixado,brAAA,2.0,14.56,20000,1000.0,BANCO CARREFOUR,2026-05-01
CDB,Pré-fixado,AA-.br,9.0,14.55,20000,1000.0,AGIBANK,2028-05-01
CDB,Pré-fixado,AA-.br,9.0,14.55,20000,1000.0,AGIBANK,2028-05-01
CDB,Pré-fixado,brA,16.0,14.55,20000,1000.0,PINE,2030-05-01
CDB,Pré-fixado,AAA,2.0,14.51,50000,1000.0,MERCADO LIVRE CFI,2025-07-01
CDB,Pré-fixado,brA,8.0,14.5,5000,1000.0,PINE,2027-10-01
CDB,Pré-fixado,brA,9.0,14.5,20000,1000.0,PINE,2028-05-01
CDB,Pré-fixado,brA,13.0,14.45,20000,1000.0,PINE,2029-05-01
CDB,Pré-fixado,brAAA,2.0,14.44,20000,1000.0,BANCO CARREFOUR,2025-07-01
CDB,Pré-fixado,A,16.0,14.3,30000,1000.0,BANCO C6,2030-05-01
CDB,Pré-fixado,AA-.br,12.0,14.3,20000,1000.0,AGIBANK,2029-05-01
CDB,Pré-fixado,AA-.br,12.0,14.3,20000,1000.0,AGIBANK,2029-05-01
CDB,Pré-fixado,AAA,2.0,14.28,50000,1000.0,MERCADO LIVRE CFI,2025-07-01
CDB,Pré-fixado,A,6.0,14.25,30000,1000.0,BANCO C6,2027-05-01
CDB,Pré-fixado,,11.0,14.12,50000,1000.0,MERCADO LIVRE CFI,2025-06-01
CDB,Pré-fixado,A,13.0,14.1,30000,1000.0,BANCO C6,2029-05-01
CDB,Pré-fixado,A,9.0,14.0,30000,1000.0,BANCO C6,2028-05-01
CDB,Pré-fixado,BBB+,13.0,13.65,100000,1000.0,FIBRA,2029-05-01
LCA,Pré-fixado,brBBB,11.0,12.68,25000,1000.0,ORIGINAL,2026-05-01
LCA,Pré-fixado,brBBB,11.0,12.32,25000,1000.0,ORIGINAL,2026-10-01
LCA,Pré-fixado,brBBB,11.0,12.1,25000,1000.0,ORIGINAL,2027-05-01
CDB,Inflação,brA,6.0,8.05,5000,1000.0,PINE,2028-05-01
CDB,Inflação,brA,13.0,7.85,5000,1000.0,PINE,2031-05-01
CDB,Inflação,brA,11.0,7.8,5000,1000.0,PINE,2030-05-01
CDB,Inflação,brA,9.0,7.75,5000,1000.0,PINE,2029-05-01
CDB,Inflação,A,4.0,7.75,30000,1000.0,BANCO C6,2027-05-01
CDB,Inflação,A.br,,7.5,20000,1000.0,BS2,2027-05-01
CDB,Inflação,A,6.0,7.45,30000,1000.0,BANCO C6,2028-05-01
CDB,Inflação,A,9.0,7.35,30000,1000.0,BANCO C6,2029-05-01
CDB,Inflação,,12.0,7.1,1000,1000.0,SOCINAL CRED FINANC E,2030-05-01
CDB,Inflação,A.br,,7.05,20000,1000.0,BS2,2028-05-01
CDB,Inflação,A.br,,7.0,20000,1000.0,BS2,2029-05-01
CDB,Inflação,A.br,,7.0,20000,1000.0,BS2,2030-05-01
LCI,Inflação,,9.0,6.0,3000,1000.0,OXY,2027-05-01
CDB,Pós-fixado,A.br,,0.0,20000,1000.0,BS2,2027-05-01
CDB,Pós-fixado,brA,2.0,0.0,5000,1000.0,PINE,2027-05-01
CDB,Pós-fixado,brA,8.0,0.0,5000,1000.0,PINE,2031-05-01
CDB,Pós-fixado,brA,5.0,0.0,5000,1000.0,PINE,2029-05-01
CDB,Pós-fixado,A,7.0,0.0,30000,1000.0,BANCO C6,2030-05-01
CDB,Pós-fixado,A,5.0,0.0,30000,1000.0,BANCO C6,2029-05-01
CDB,Pós-fixado,brA,7.0,0.0,5000,1000.0,PINE,2030-05-01
CDB,Pós-fixado,brA,4.0,0.0,5000,1000.0,PINE,2028-05-01
CDB,Pós-fixado,A,4.0,0.0,30000,1000.0,BANCO C6,2028-05-01
CDB,Pós-fixado,brBBB,11.0,0.0,9673,1000.0,ORIGINAL,2028-05-01
CDB,Pós-fixado,A,2.0,0.0,30000,1000.0,BANCO C6,2027-05-01
CDB,Pós-fixado,A,2.0,0.0,30000,1000.0,BANCO C6,2025-10-01
CDB,Pós-fixado,A,2.0,0.0,30000,1000.0,BANCO C6,2026-05-01
CDB,Pós-fixado,BBB+,11.0,0.0,100000,1000.0,FIBRA,2029-05-01
CDB,Pós-fixado,,9.0,108.0,3000,1000.0,BANCO SENFF,2026-05-01
CDB,Pós-fixado,AA-.br,2.0,108.0,20000,1000.0,AGIBANK,2027-05-01
CDB,Pós-fixado,BBB-.br,9.0,108.0,5000,1000.0,BANCO DIGIMAIS,2027-05-01
CDB,Pós-fixado,,9.0,107.5,300000,1000.0,FACTA FINANCEIRA,2027-05-01
CDB,Pós-fixado,,9.0,107.5,300000,1000.0,FACTA FINANCEIRA,2026-05-01
CDB,Pós-fixado,AA-.br,3.0,107.0,20000,1000.0,AGIBANK,2028-05-01
CDB,Pós-fixado,brBBB,9.0,106.0,10000,1000.0,ORIGINAL,2026-05-01
CDB,Pós-fixado,AA-.br,5.0,106.0,20000,1000.0,AGIBANK,2029-05-01
CDB,Pós-fixado,brBBB,9.0,106.0,10000,1000.0,ORIGINAL,2026-10-01
CDB,Pós-fixado,BB,11.0,106.0,800,1000.0,LUSO BRASILEIRO,2028-05-01
CDB,Pós-fixado,AA-.br,2.0,106.0,20000,1000.0,AGIBANK,2026-05-01
CDB,Pós-fixado,brBBB,11.0,105.5,500,1000.0,CARUANA,2029-05-01
CDB,Pós-fixado,BBB-.br,9.0,105.5,1000,1000.0,BANCO DIGIMAIS,2026-05-01
CDB,Pós-fixado,brBBB,11.0,105.0,500,1000.0,CARUANA,2028-10-01
CDB,Pós-fixado,A-.br,5.0,105.0,3000,1000.0,BANCO BARI DE INVESTIMENT,2027-05-01
CDB,Pós-fixado,brBB,11.0,105.0,250,1000.0,FATOR,2028-05-01
CDB,Pós-fixado,,11.0,105.0,20000,1000.0,VIA CERTA FINANCIADORA,2028-05-01
CDB,Pós-fixado,brBB+,11.0,105.0,2000,1000.0,PAULISTA,2028-05-01
CDB,Pós-fixado,A.br,,105.0,20000,1000.0,BS2,2030-05-01
CDB,Pós-fixado,A.br,,105.0,20000,1000.0,BS2,2029-05-01
CDB,Pós-fixado,A.br,,105.0,20000,1000.0,BS2,2028-05-01
CDB,Pós-fixado,A.br,,105.0,20000,1000.0,BS2,2027-05-01
CDB,Pós-fixado,brA,3.0,104.5,5000,1000.0,PINE,2027-10-01
CDB,Pós-fixado,brA,2.0,104.5,5000,1000.0,PINE,2027-05-01
CDB,Pós-fixado,brBBB,11.0,104.5,500,1000.0,CARUANA,2028-05-01
CDB,Pós-fixado,brA,2.0,104.5,5000,1000.0,PINE,2026-10-01
CDB,Pós-fixado,brA,5.0,104.5,5000,1000.0,PINE,2029-05-01
CDB,Pós-fixado,brA,7.0,104.5,5000,1000.0,PINE,2030-05-01
CDB,Pós-fixado,brA,4.0,104.5,5000,1000.0,PINE,2028-05-01
CDB,Pós-fixado,brA,4.0,104.5,5000,1000.0,PINE,2028-10-01
CDB,Pós-fixado,brA,2.0,104.5,5000,1000.0,PINE,2026-05-01
CDB,Pós-fixado,BB,9.0,104.0,800,1000.0,LUSO BRASILEIRO,2027-05-01
CDB,Pós-fixado,,9.0,104.0,500,1000.0,CALCRED,2027-05-01
CDB,Pós-fixado,,11.0,104.0,500,1000.0,CALCRED,2028-05-01
CDB,Pós-fixado,brBBB,11.0,104.0,500,1000.0,CARUANA,2027-10-01
CDB,Pós-fixado,brBB+,9.0,104.0,2000,1000.0,PAULISTA,2027-05-01
CDB,Pós-fixado,A-.br,5.0,103.5,1000,1000.0,BANCO TOPAZIO,2026-05-01
CDB,Pós-fixado,brBBB,9.0,103.0,500,1000.0,CARUANA,2027-05-01
CDB,Pós-fixado,AAA,8.0,103.0,8000,1000.0,NBC BANK,2031-05-01
CDB,Pós-fixado,A,7.0,103.0,30000,1000.0,BANCO C6,2030-05-01
CDB,Pós-fixado,A,2.0,103.0,30000,1000.0,BANCO C6,2027-05-01
CDB,Pós-fixado,A,4.0,103.0,30000,1000.0,BANCO C6,2028-05-01
CDB,Pós-fixado,A,5.0,103.0,30000,1000.0,BANCO C6,2029-05-01
CDB,Pós-fixado,AAA,6.0,103.0,8000,1000.0,NBC BANK,2030-05-01
CDB,Pós-fixado,brBB+,9.0,103.0,2000,1000.0,PAULISTA,2026-05-01
CDB,Pós-fixado,AA-,3.0,102.0,5000,1000.0,BANCO RENDIMENTO,2028-05-01
CDB,Pós-fixado,AA-,2.0,102.0,5000,1000.0,BANCO RENDIMENTO,2027-05-01
CDB,Pós-fixado,,12.0,102.0,500,1000.0,SEMEAR,2030-05-01
CDB,Pós-fixado,,9.0,101.5,1000,1000.0,BANCO TOPAZIO,2025-10-01
CDB,Pós-fixado,A,2.0,101.5,30000,1000.0,BANCO C6,2025-10-01
CDB,Pós-fixado,,11.0,101.0,500,1000.0,SEMEAR,2029-05-01
CDB,Pós-fixado,AA-,2.0,101.0,5000,1000.0,BANCO RENDIMENTO,2025-10-01
CDB,Pós-fixado,AAA,5.0,101.0,8000,1000.0,NBC BANK,2029-05-01
CDB,Pós-fixado,A,2.0,101.0,30000,1000.0,BANCO C6,2026-05-01
CDB,Pós-fixado,AA-,2.0,101.0,5000,1000.0,BANCO RENDIMENTO,2026-05-01
CDB,Pós-fixado,A,2.0,100.5,30000,1000.0,BANCO C6,2025-07-01
CDB,Pós-fixado,,11.0,100.0,500,1000.0,SEMEAR,2028-05-01
CDB,Pós-fixado,BBB+,12.0,100.0,100000,1000.0,FIBRA,2030-05-01
CDB,Pós-fixado,,12.0,100.0,1000,1000.0,SOCINAL CRED FINANC E,2030-05-01
CDB,Pós-fixado,BB,9.0,100.0,800,1000.0,LUSO BRASILEIRO,2026-05-01
CDB,Pós-fixado,BBB+,11.0,100.0,100000,1000.0,FIBRA,2029-05-01
CDB,Pós-fixado,AAA,1.0,100.0,50000,1000.0,MERCADO LIVRE CFI,2025-10-01
CDB,Pós-fixado,AAA,1.0,99.5,50000,1000.0,MERCADO LIVRE CFI,2025-07-01
CDB,Pós-fixado,,9.0,99.0,500,1000.0,SEMEAR,2027-05-01
CDB,Pós-fixado,brAAA,1.0,99.0,20000,1000.0,BANCO CARREFOUR,2027-05-01
CDB,Pós-fixado,AAA,1.0,98.5,50000,1000.0,MERCADO LIVRE CFI,2025-07-01
CDB,Pós-fixado,,9.0,98.0,500,1000.0,SEMEAR,2026-05-01
CDB,Pós-fixado,AAA,1.0,97.5,50000,1000.0,MERCADO LIVRE CFI,2025-06-01
LCI,Pós-fixado,,9.0,86.0,3000,1000.0,OXY,2026-05-01
CDB,Pós-fixado,AAA,1.0,100.0,1569,1189.97023,HAITONG,2025-10-01
CDB,Pós-fixado,brAAA,1.0,100.0,1749,1090.5548,BANCO VOLKSWAGEN,2025-08-01
CDB,Pós-fixado,brAAA,1.0,100.0,2956,1088.30921,BANCO VOLKSWAGEN,2025-08-01
CDB,Pós-fixado,brAAA,1.0,100.0,1130,1087.41226,BANCO VOLKSWAGEN,2025-08-01
CDB,Pós-fixado,brAAA,1.0,100.0,4040,1087.57676,STONE SCFI,2025-08-01
CDB,Pós-fixado,AAA,1.0,100.0,995,1235.86221,BANCO CNH CAPITAL,2025-07-01
CDB,Pós-fixado,brAAA,1.0,100.0,2362,1086.06824,BANCO VOLKSWAGEN,2025-08-01
CDB,Pós-fixado,AAA,1.0,100.0,3269,1201.95444,HAITONG,2025-09-01
CDB,Pós-fixado,AAA,1.0,100.0,799,1213.83548,HAITONG,2025-08-01
LCA,Pós-fixado,brAAA,2.0,84.0,1067,1075.12835,BANCO BV,2025-08-01
LCA,Pós-fixado,AAA,2.0,84.0,465,1228.60286,BANCO CNH CAPITAL,2025-06-01
LCA,Pós-fixado,AAA,2.0,84.0,521,1095.20596,BANCO ABC,2025-07-01
LCA,Pós-fixado,AAA,2.0,84.0,1083,1105.88843,BANCO BOCOM BBM,2025-05-01
LCI,Pós-fixado,AA-.br,2.0,84.0,1184,1082.99505,POUPEX,2025-08-01
LCA,Pós-fixado,AAA,2.0,84.0,170,1080.06196,RABOBANK,2025-08-01
LCA,Pós-fixado,brAAA,2.0,84.0,109,54909.0885,BNDES,2025-05-01
LCA,Pós-fixado,AAA,2.0,84.0,283,1218.70305,BANCO CNH CAPITAL,2025-07-01
LCA,Pós-fixado,brAAA,2.0,84.0,80,54317.2755,BNDES,2025-07-01
LCA,Pós-fixado,AAA,2.0,84.0,310,1086.68316,RABOBANK,2025-07-01
LCA,Pós-fixado,brAAA,2.0,84.0,72,1106.48152,BANCO BV,2025-05-01
LCA,Pós-fixado,AAA,2.0,84.0,67,1098.09942,BANCO ABC,2025-07-01
LCA,Pós-fixado,AAA,2.0,84.0,952,1232.35151,BANCO CNH CAPITAL,2025-06-01
LCA,Pós-fixado,brAAA,2.0,84.0,305,1071.5631,BANCO BV,2025-09-01
LCA,Pós-fixado,AAA,2.0,84.0,899,1107.15267,BANCO BOCOM BBM,2025-05-01
LCA,Pós-fixado,AAA,2.0,84.0,213,1109.70482,BANCO ABC,2025-05-01
LCA,Pós-fixado,brAAA,2.0,84.0,607,1071.95866,BANCO BV,2025-09-01
LCA,Pós-fixado,brAAA,2.0,84.0,517,1073.93862,BANCO BV,2025-09-01
LCA,Pós-fixado,brAAA,2.0,84.0,163,1074.33505,BANCO BV,2025-09-01
CDB,Pós-fixado,AA-.br,2.0,100.0,3437,1134.27417,AGIBANK,2026-04-01
CDB,Pós-fixado,AAA,1.0,100.0,1245,1090.98071,MERCADO LIVRE CFI,2025-08-01
CDB,Pós-fixado,AAA,1.0,100.0,359,1078.0389,BANCO GMAC,2025-09-01
CDB,Pós-fixado,brAA+,2.0,100.0,3776,1070.17105,BANPARA,2025-10-01
LCI,Pós-fixado,brAAA,2.0,88.0,2,1063687.66,CEF,2026-10-01
LCI,Pós-fixado,brAAA,2.0,87.0,5,531503.735,CEF,2026-10-01
LCI,Pós-fixado,brAAA,2.0,87.0,3,531503.735,CEF,2026-10-01
LCA,Pós-fixado,AAA,2.0,84.0,366,1069.15605,BANCO BOCOM BBM,2025-09-01
LCA,Pós-fixado,AAA,2.0,84.0,3542,1070.95606,BANCO DA AMAZONIA,2025-09-01
LCA,Pós-fixado,AAA,2.0,84.0,271,1067.70763,RABOBANK,2026-09-01
LCA,Pós-fixado,AAA,2.0,84.0,169,1067.13666,BANCO BOCOM BBM,2025-09-01
LCA,Pós-fixado,AAA,2.0,84.0,443,1065.86517,BANCO BOCOM BBM,2025-09-01
LCA,Pós-fixado,AAA,2.0,84.0,109,1068.35877,BANCO BOCOM BBM,2025-09-01
LCA,Pós-fixado,A+,2.0,84.0,262,1068.35877,BANESTES,2025-09-01
LCI,Pós-fixado,A+,2.0,84.0,31853,1068.35877,BANESTES,2025-09-01
LCA,Pós-fixado,AAA,2.0,84.0,527,1068.75734,BANCO BOCOM BBM,2025-09-01
LCA,Pós-fixado,AAA,2.0,84.0,64,1063.82317,BANCO BOCOM BBM,2025-10-01
CDB,Pós-fixado,AA-.br,2.0,100.0,3017,1079.89731,AGIBANK,2025-09-01
CDB,Pós-fixado,brAAA,1.0,100.0,1933,1064.86779,STONE SCFI,2025-10-01
CDB,Pós-fixado,brAAA,1.0,100.0,6568,1067.13506,BANCO VOLKSWAGEN,2025-10-01
CDB,Pós-fixado,brAAA,1.0,100.0,216,1063.48697,STONE SCFI,2025-11-01
CDB,Pós-fixado,brAA+,2.0,100.0,8762,1061.0985,BANPARA,2025-11-01
CDB,Pós-fixado,brAA+,2.0,100.0,9190,1061.0985,BANPARA,2025-11-01
LCI,Pós-fixado,brAAA,2.0,88.0,6,1058342.17,CEF,2026-10-01
LCI,Pós-fixado,brAAA,2.0,88.0,7,1062451.69,CEF,2026-10-01
LCI,Pós-fixado,brAAA,2.0,88.0,12,1062451.69,CEF,2026-10-01
LCI,Pós-fixado,A-.br,3.0,84.0,21,1057.93209,BANCO INTER,2025-10-01
LCA,Pós-fixado,AAA,2.0,84.0,300,1062.19239,BANCO BOCOM BBM,2025-10-01
LCI,Pós-fixado,A-.br,3.0,84.0,23,1061.21716,BANCO INTER,2025-10-01
LCI,Pós-fixado,A-.br,3.0,84.0,223,1059.1628,BANCO INTER,2025-10-01
LCI,Pós-fixado,A-.br,3.0,84.0,29,1063.27551,BANCO INTER,2025-10-01
LCI,Pós-fixado,A-.br,3.0,84.0,49,1062.04002,BANCO INTER,2025-10-01
LCI,Pós-fixado,A-.br,3.0,84.0,43,1057.11241,BANCO INTER,2025-10-01
LCI,Pós-fixado,A-.br,3.0,84.0,84,1055.88409,BANCO INTER,2025-11-01
LCI,Pós-fixado,A-.br,3.0,84.0,50,1055.066,BANCO INTER,2025-11-01
LCI,Pós-fixado,A-.br,3.0,84.0,74,1059.98407,BANCO INTER,2025-10-01
CDB,Pós-fixado,AA-.br,2.0,100.0,7935,1068.94614,AGIBANK,2025-10-01
CDB,Pós-fixado,A,2.0,100.0,4815,1059.80804,BMG,2025-11-01
LCI,Pós-fixado,brAAA,2.0,88.0,2,1054638.99,CEF,2026-11-01
LCI,Pós-fixado,brAAA,2.0,88.0,1,1052506.54,CEF,2026-11-01
LCI,Pós-fixado,brAAA,2.0,88.0,1,1052506.54,CEF,2026-11-01
LCI,Pós-fixado,brAAA,2.0,88.0,1,1052506.54,CEF,2026-11-01
LCI,Pós-fixado,brAAA,2.0,88.0,14,1054638.99,CEF,2026-11-01
LCI,Pós-fixado,brAAA,2.0,87.0,18,526606.845,CEF,2026-11-01
LCI,Pós-fixado,brAAA,2.0,87.0,10,526606.845,CEF,2026-11-01
LCI,Pós-fixado,brAAA,2.0,87.0,19,525974.335,CEF,2026-11-01
LCI,Pós-fixado,brAAA,2.0,87.0,29,525974.335,CEF,2026-11-01
LCI,Pós-fixado,A-.br,3.0,84.0,37,1053.78549,BANCO INTER,2025-11-01
LCI,Pós-fixado,A-.br,3.0,84.0,14,1052.93269,BANCO INTER,2025-11-01
CDB,Pós-fixado,brAAA,1.0,100.0,2306,1055.75494,BANCO VOLKSWAGEN,2025-11-01
CDB,Pós-fixado,A,2.0,100.0,1130,1057.90702,BMG,2025-11-01
LCI,Pós-fixado,brAAA,2.0,88.0,7,1052506.54,CEF,2026-11-01
LCI,Pós-fixado,brAAA,2.0,88.0,3,1050378.41,CEF,2026-11-01
LCI,Pós-fixado,brAAA,2.0,87.0,15,524921.84,CEF,2026-11-01
LCI,Pós-fixado,brAAA,2.0,87.0,19,524921.84,CEF,2026-11-01
LCI,Pós-fixado,A-.br,3.0,84.0,22,1050.80369,BANCO INTER,2025-11-01
LCI,Pós-fixado,A-.br,3.0,84.0,1,1051.65477,BANCO INTER,2025-11-01
LCI,Pós-fixado,A-.br,3.0,84.0,44,1052.08057,BANCO INTER,2025-11-01
LCI,Pós-fixado,A-.br,3.0,84.0,25,1051.22915,BANCO INTER,2025-11-01
LCA,Pós-fixado,AAA,2.0,84.0,677777,1.04635771,BANCO ITAU,2025-12-01
LCA,Pós-fixado,AAA,2.0,84.0,1585548,1.04635771,BANCO ITAU,2025-12-01
LCI,Pós-fixado,A-.br,3.0,84.0,9,1050.37841,BANCO INTER,2025-11-01
LCI,Pós-fixado,A-.br,3.0,84.0,15,1049.9533,BANCO INTER,2025-11-01
LCI,Pós-fixado,A-.br,3.0,84.0,10,1049.52836,BANCO INTER,2025-11-01
LCI,Pós-fixado,,9.0,84.0,26,1049.10359,BANCO INTER,2025-12-01
LCD,Pós-fixado,AAA,2.0,84.0,407,1047.80185,,2025-12-01
CDB,Pós-fixado,brAAA,1.0,100.0,212,1054.00565,BANCO TOYOTA DO BRASIL,2025-11-01
CDB,Pós-fixado,brAA+,2.0,100.0,2303,1036.28857,PARANA BANCO,2026-01-01
CDB,Pós-fixado,A,2.0,100.0,1344,1050.33695,BMG,2025-12-01
CDB,Pós-fixado,AAA,1.0,100.0,2276,1044.29981,BANCO CNH CAPITAL,2025-12-01
CDB,Pós-fixado,brAAA,1.0,100.0,92,1050.66191,BANCO VOLKSWAGEN,2025-12-01
CDB,Pós-fixado,brAA+,2.0,100.0,769,1029.808,PARANA BANCO,2026-02-01
CDB,Pós-fixado,brAA+,2.0,100.0,87,1033.91548,PARANA BANCO,2026-01-01
CDB,Pós-fixado,brAAA,1.0,100.0,5620,1049.73855,BANCO VOLKSWAGEN,2025-12-01
CDB,Pós-fixado,A,2.0,100.0,131210,1.0467634,BMG,2025-12-01
CDB,Pós-fixado,brAAA,1.0,100.0,2523,1023.91229,BANCO VOLKSWAGEN,2026-03-01
CDB,Pós-fixado,AAA,1.0,100.0,9,1017.82245,BANCO CNH CAPITAL,2027-03-01
CDB,Pós-fixado,AAA,1.0,100.0,49,1015.14371,HAITONG,2027-03-01
CDB,Pós-fixado,brAAA,1.0,100.0,16159,1045.72887,BANCO VOLKSWAGEN,2025-12-01
CDB,Pós-fixado,brAA+,2.0,100.0,7573,1042.287,BANPARA,2026-01-01
CDB,Pós-fixado,brAA+,2.0,100.0,828,1042.287,BANPARA,2026-01-01
CDB,Pós-fixado,A,2.0,100.0,4991,1053.64217,BMG,2025-12-01
CDB,Pós-fixado,brAAA,1.0,100.0,3152,1046.21671,BANCO VOLKSWAGEN,2025-12-01
CDB,Pós-fixado,brAAA,1.0,100.0,5,1038.32677,BANCO VOLKSWAGEN,2026-01-01
LCI,Pós-fixado,brAAA,2.0,88.0,1,1032968.86,CEF,2027-01-01
LCI,Pós-fixado,brAAA,2.0,88.0,2,1043454.07,CEF,2026-12-01
LCI,Pós-fixado,brAAA,2.0,88.0,1,1038882.27,CEF,2027-01-01
LCI,Pós-fixado,brAAA,2.0,88.0,1,1030250.96,CEF,2027-02-01
LCI,Pós-fixado,brAAA,2.0,88.0,6,1045711.65,CEF,2026-12-01
LCI,Pós-fixado,brAAA,2.0,88.0,5,1042538.11,CEF,2026-12-01
LCI,Pós-fixado,brAAA,2.0,88.0,17,1037514.64,CEF,2027-01-01
LCI,Pós-fixado,brAAA,2.0,87.0,1,516310.89,CEF,2027-01-01
LCI,Pós-fixado,brAAA,2.0,87.0,9,521497.17,CEF,2026-12-01
LCI,Pós-fixado,brAAA,2.0,87.0,3,519235.895,CEF,2027-01-01
LCI,Pós-fixado,brAAA,2.0,87.0,14,521044.13,CEF,2026-12-01
LCI,Pós-fixado,brAAA,2.0,87.0,6,518559.425,CEF,2027-01-01
LCI,Pós-fixado,brAAA,2.0,87.0,2,510166.88,CEF,2027-02-01
LCD,Pós-fixado,brAAA,2.0,86.0,1711,10457.3805,,2025-12-01
LCD,Pós-fixado,brAAA,2.0,86.0,1916,10457.3805,,2025-12-01
LCA,Pós-fixado,brAAA,2.0,84.0,179,10327.0408,BNDES,2026-01-01
CDB,Pós-fixado,brAAA,1.0,100.0,7481,1039.89071,BANCO TOYOTA DO BRASIL,2026-01-01
CDB,Pós-fixado,brAAA,1.0,100.0,1032,1024.8203,BANCO CARREFOUR,2026-02-01
CDB,Pós-fixado,brAAA,1.0,100.0,269,1013.19445,BANCO CARREFOUR,2026-03-01
CDB,Pós-fixado,A,2.0,100.5,47616920,1.00055683,BMG,2026-01-01
CDB,Pós-fixado,brAAA,1.0,100.0,1,1007.71277,STONE SCFI,2026-04-01
CDB,Pós-fixado,,9.0,100.0,35686,1002.77408,PARANA BANCO,2026-04-01
CDB,Pós-fixado,brAA+,2.0,100.0,3852,1008.34536,PARANA BANCO,2026-04-01
LCA,Pós-fixado,AAA,2.0,84.0,779,1004.9489,BANCO BOCOM BBM,2026-04-01
LCA,Pós-fixado,AAA,2.0,84.0,3546,1003.46166,BANCO BOCOM BBM,2026-04-01
CDB,Pós-fixado,AA-.br,2.0,100.5,9057,1005.2601,AGIBANK,2026-04-01
CDB,Pós-fixado,brAAA,1.0,100.0,274,1012.08829,BANCO CARREFOUR,2026-03-01
CDB,Pós-fixado,brAAA,1.0,100.0,1128,1009.8796,BANCO CARREFOUR,2026-04-01
LCD,Pós-fixado,brAAA,6.0,96.0,8,10195.06057671,,2030-03-01
LCD,Pós-fixado,brAAA,6.0,96.0,2,10561.299841,,2029-12-01
LCD,Pós-fixado,brAAA,6.0,96.0,83,10195.06057671,,2030-03-01
LCD,Pós-fixado,brAAA,5.0,95.0,10,10181.54774936,,2029-03-01
CDB,Pré-fixado,A-,12.0,18.0,2,1046.10499885,BANCO MASTER DE INVESTIME,2028-01-01
LCD,Pós-fixado,brAAA,6.0,96.0,3,10195.06057671,,2030-03-01
CDB,Inflação,A,3.0,9.03,7,1166.93417068,BANCO C6 CONSIGNADO,2026-08-01
CDB,Inflação,A,5.0,8.77,8,1180.8496236,BANCO C6 CONSIGNADO,2027-05-01
LCD,Pós-fixado,brAAA,7.0,96.0,15,10195.06057671,,2030-03-01
LCD,Pós-fixado,brAAA,2.0,91.0,2,10484.49839994,,2025-12-01
CDB,Pós-fixado,,9.0,122.0,154,1621.89616999,MIDWAY,2026-10-01
LCD,Pós-fixado,brAAA,2.0,92.0,1,10475.45124633,,2025-12-01
CDB,Inflação,AA-.br,6.0,8.77,17,1166.15542279,AGIBANK,2027-11-01
CDB,Pós-fixado,brBBB,9.0,120.0,155,1609.09243999,ORIGINAL,2025-10-01
LCI,Pós-fixado,brAAA,2.0,95.5,1,505294.05499999,CEF,2027-03-01
CDB,Pré-fixado,AA-.br,2.0,16.0,4,1507.48946807,AGIBANK,2025-08-01
CDB,Pré-fixado,A-,11.0,18.0,2,1409.59371272,BANCO MASTER,2027-05-01
CDB,Pós-fixado,brAAA,1.0,100.0,4,1080.81351,PAGBANK,2025-09-01
CDB,Inflação,A-,7.0,12.0,9,1392.99346649,BANCO MASTER,2026-11-01
CDB,Pós-fixado,,11.0,119.0,8,1060.89157998,DM FINANCEIRA,2027-11-01
CDB,Pós-fixado,A-,5.0,122.0,23,1171.01768999,BANCO MASTER DE INVESTIME,2026-02-01
CDB,Pós-fixado,,9.0,109.5,3,1062.71037998,NEON FINANCEIRA,2025-11-01
LCI,Pós-fixado,brAAA,2.0,95.0,1,506164.76686753,CEF,2027-03-01
CDB,Inflação,A-,6.0,12.0,16,1407.72354521,BANCO MASTER,2026-10-01
CDB,Pós-fixado,,9.0,115.0,40,1253.14626998,PERNAMBUCANAS FINANCIADOR,2025-07-01
CDB,Pré-fixado,A-,9.0,18.0,100,1043.11113735,BANCO MASTER DE INVESTIME,2027-04-01
CDB,Pós-fixado,A-,7.0,130.0,1,1340.694019,BANCO MASTER,2027-12-01
CDB,Pós-fixado,BB,9.0,113.0,3,1054.88671946,LUSO BRASILEIRO,2025-11-01
CDB,Pré-fixado,A-,5.0,18.0,121,1096.69039808,BANCO MASTER DE INVESTIME,2026-03-01
LCD,Pós-fixado,brAAA,5.0,95.0,1,10568.5121242,,2028-12-01
CDB,Pré-fixado,A-,11.0,18.0,23,1447.1244017,BANCO MASTER,2027-07-01
CDB,Pré-fixado,A-,7.0,18.0,3,1395.27292307,BANCO MASTER,2026-10-01
CDB,Inflação,A,4.0,9.03,50,1257.36650024,BANCO C6 CONSIGNADO,2027-03-01
LCI,Pós-fixado,brAAA,2.0,97.5,1,5138088.45,CEF,2027-02-01
CDB,Pré-fixado,A-,11.0,18.0,38,1321.93929987,BANCO MASTER,2027-09-01
CDB,Inflação,brAAA,2.0,8.59,4,1418.44554084,BANCO PAN,2025-12-01
CDB,Inflação,AA-.br,3.0,9.03,8,1354.55136591,AGIBANK,2026-06-01
CDB,Pré-fixado,A-,12.0,18.0,1,1366.70348076,BANCO MASTER,2027-11-01
CDB,Inflação,A-,6.0,12.0,34,1410.10174642,BANCO MASTER,2026-10-01
LCA,Pós-fixado,,9.0,94.0,3,1050.28378998,BANCO SENFF,2025-11-01
LCD,Pós-fixado,brAAA,2.0,93.0,6,10466.41194863,,2025-12-01
CDB,Inflação,A-,4.0,12.5,167,1495.31716824,BANCO MASTER,2025-09-01
CDB,Pré-fixado,A-,11.0,18.0,1,1412.19368243,BANCO MASTER,2027-06-01
CDB,Pré-fixado,,12.0,18.0,1,966.81814857,VOITER (MASTER),2027-09-01
LCA,Pré-fixado,brAAA,7.0,13.0,2,1364.53181963,SICREDI,2027-10-01
CDB,Inflação,AA-.br,2.0,9.4,5,1524.40621115,AGIBANK,2025-07-01
LCI,Pós-fixado,A-.br,5.0,97.0,4,1015.86917904,BANCO INTER,2026-02-01
CDB,Pré-fixado,brBBB,11.0,15.52,14,1423.06530061,ORIGINAL,2026-07-01
CDB,Pós-fixado,brAA-,3.0,121.0,28,1326.14326999,MERCANTIL DO BRASIL,2028-04-01
LCD,Pós-fixado,brAAA,6.0,96.0,6,10195.06057671,,2030-03-01
